last_updated,raw,weekly_gaussian,monthly_gaussian,yearly_gaussian
2024-05-16,27.0,28.26877861018044,27.152388882004406,28.817607043343656
2024-05-17,30.0,28.751483584993284,27.106986623003547,28.81763830662663
2024-05-18,31.0,28.18844018777272,27.019819921786326,28.817708593093183
2024-05-19,24.0,26.52749627478762,26.897601431757188,28.817813254489227
2024-05-20,25.0,25.495807824749818,26.749069604922855,28.81794655224705
2024-05-21,25.0,25.72459252017822,26.584167257578827,28.818118021254197
2024-05-22,27.0,26.479894149454296,26.413210320759678,28.818319440019398
2024-05-23,28.0,26.82579326784498,26.24602890612254,28.81853790244117
2024-05-24,26.0,26.511735686226764,26.09197172431869,28.818782629632544
2024-05-25,26.0,25.985478463592045,25.95949002972689,28.819048890033372
2024-05-26,26.0,25.38150787379879,25.856342263222032,28.8193291694834
2024-05-27,24.0,24.753158019999823,25.789531095410222,28.819617369802682
2024-05-28,24.0,24.526029583502535,25.764970489855724,28.81990511184968
2024-05-29,25.0,24.77684413163376,25.78656383329452,28.82019271644528
2024-05-30,25.0,25.150478449850983,25.85659972802477,28.820472579742933
2024-05-31,26.0,25.379556708973006,25.974690391206707,28.820722114355316
2024-06-01,25.0,25.562164625502753,26.137909204365233,28.820956233008282
2024-06-02,25.0,26.0941665208312,26.340284716553665,28.821159531573688
2024-06-03,29.0,26.568603355458293,26.57302751516504,28.821321328716557
2024-06-04,26.0,26.279015049861627,26.82531041366788,28.821434450711102
2024-06-05,24.0,26.143659908355637,27.084360541087428,28.821491150866763
2024-06-06,27.0,27.184396877080133,27.33672276361092,28.821479679114393
2024-06-07,30.1,28.563868854886167,27.56925696586543,28.82138762397351
2024-06-08,29.4,29.142683191368235,27.77109813281376,28.821205153543623
2024-06-09,29.1,29.07266527128292,27.934972487154674,28.820921310446604
2024-06-10,28.1,29.09389972328617,28.058144680480233,28.820520099329674
2024-06-11,30.2,29.436506323640273,28.143628615634437,28.82000596374394
2024-06-12,29.3,29.657873777404525,28.199512101850313,28.81935438616504
2024-06-13,31.3,29.066563303519146,28.23802968059315,28.81856249918517
2024-06-14,27.3,27.421473980819663,28.27349288844705,28.81761961650363
2024-06-15,23.7,26.08771463152515,28.319642404290896,28.816503099570465
2024-06-16,24.4,26.49928229469983,28.387295344337947,28.81519847579384
2024-06-17,32.3,27.453207112881017,28.482703872931037,28.813698180264744
2024-06-18,24.9,27.385531097742174,28.606645181826874,28.81199127729951
2024-06-19,27.0,27.572643430844398,28.75492994812923,28.810065823237938
2024-06-20,26.8,29.357226177115706,28.919421443860223,28.80790394565152
2024-06-21,35.2,31.583270417087725,29.09003136229704,28.805490720506786
2024-06-22,34.1,31.85177666433333,29.256472470613396,28.802805686271785
2024-06-23,29.1,30.032951935253017,29.409420197415418,28.799840059004506
2024-06-24,27.2,28.2497070423806,29.541434930096948,28.79658026336312
2024-06-25,25.6,28.03361730294627,29.647515403311452,28.793019281660744
2024-06-26,31.1,29.0551702322157,29.72488626351421,28.789125356951736
2024-06-27,29.2,30.178587243995096,29.773664087711957,28.784893447530514
2024-06-28,31.2,31.23214236082017,29.797496823867142,28.780311091731626
2024-06-29,33.3,32.03900457582778,29.8040899344594,28.77535684099194
2024-06-30,32.2,31.963973857996265,29.805499306115976,28.77001912686389
2024-07-01,32.4,30.702660332209724,29.817797176627103,28.76427856839733
2024-07-02,28.0,28.620797055680917,29.859594676760906,28.758118141911442
2024-07-03,25.0,27.09533579133422,29.94971890083921,28.75152921090719
2024-07-04,26.4,27.101104829757716,30.10402809513125,28.744490327853054
2024-07-05,29.2,27.888329146005923,30.33250599104531,28.73699586915882
2024-07-06,28.1,28.510513099033666,30.63679523936578,28.729026855034554
2024-07-07,28.4,29.36737893797399,31.009202802594412,28.720561869918328
2024-07-08,30.1,31.028624372266037,31.433121422197047,28.711587752002476
2024-07-09,35.2,32.75611112613477,31.885059059991807,28.702095517998703
2024-07-10,33.3,33.590977197831535,32.33654548237486,28.692067714416606
2024-07-11,33.2,34.01888154478114,32.757619362671136,28.68149750957412
2024-07-12,35.3,34.61078145400461,33.11934612828269,28.670352544440664
2024-07-13,35.2,35.09058378261966,33.39643592596421,28.658629502946404
2024-07-14,35.1,35.31045788353329,33.56853552185959,28.64631797715462
2024-07-15,36.3,35.2338168225683,33.62149629201265,28.633403790293844
2024-07-16,34.1,34.95313747715493,33.54847052204838,28.619848682223505
2024-07-17,34.3,35.02055956637413,33.35028247853443,28.605657465485223
2024-07-18,36.2,35.42106767146986,33.03601599067771,28.59082551744403
2024-07-19,36.1,35.34355226388618,32.62243561930421,28.57531840839831
2024-07-20,35.1,34.25324917947172,32.13338439680181,28.559129417086492
2024-07-21,32.43333333333334,32.28105459671809,31.598016534958916,28.542255737125856
2024-07-22,29.76666666666667,30.03423915992498,31.048106526824213,28.524679347313075
2024-07-23,27.1,28.26005083270062,30.515095238444296,28.50639269763777
2024-07-24,27.3,27.314174173549347,30.026634727043888,28.487378558859383
2024-07-25,26.5,27.035200675829994,29.60402943932563,28.4676181206316
2024-07-26,27.0,27.234502957744777,29.260321517017374,28.447107816308513
2024-07-27,27.9,27.686030593801362,28.999968814157747,28.425836678902257
2024-07-28,28.2,28.131059485382572,28.819598124746996,28.403794292173508
2024-07-29,28.2,28.52499890497257,28.710079084694918,28.380965088641645
2024-07-30,29.7,28.780560728950917,28.659235375821364,28.35734549836944
2024-07-31,28.2,28.839058395914847,28.654722928329218,28.33292773450053
2024-08-01,28.9,28.964911355165125,28.686155120197718,28.3076959483121
2024-08-02,29.5,29.12019590870187,28.74665483126997,28.28164490650494
2024-08-03,29.5,28.956310755575945,28.83369804842237,28.254764749426947
2024-08-04,28.0,28.544600221955008,28.948366169449447,28.227053334516285
2024-08-05,28.1,28.302898813360738,29.094506146849607,28.19849762960148
2024-08-06,28.4,28.342121684978707,29.276864547536967,28.169092885878097
2024-08-07,28.3,28.55701103392108,29.49915866268367,28.138830093846003
2024-08-08,28.9,28.92752170719786,29.762318221537647,28.107704999827988
2024-08-09,29.4,29.378487036831423,30.06310147581558,28.075714889934577
2024-08-10,30.0,29.748704246894647,30.39308230772535,28.04285550687045
2024-08-11,30.0,29.96883939724063,30.738846714157297,28.009117168847492
2024-08-12,30.0,30.30296795666439,31.082601746932657,27.974492827223578
2024-08-13,29.7,31.309793165039963,31.40435670564499,27.938988213681473
2024-08-14,34.0,32.977232677814094,31.684252600921845,27.902594182264526
2024-08-15,35.0,34.4168526014418,31.905523072756854,27.865313551886103
2024-08-16,35.3,35.09674737969737,32.05695914281199,27.827136604401623
2024-08-17,36.0,34.95827083065196,32.13463759520242,27.78806179658888
2024-08-18,34.3,33.95624110505935,32.142582532455016,27.748094590502177
2024-08-19,32.4,32.46015911858957,32.091799540111126,27.707230605319232
2024-08-20,30.0,31.20050287345881,31.998172314973324,27.665462753251017
2024-08-21,31.1,30.532369327271873,31.87986455556734,27.622791579107254
2024-08-22,29.2,30.313142393962593,31.754236541248034,27.579236874540925
2024-08-23,31.3,30.413888444990338,31.63555928458119,27.53478852239816
2024-08-24,29.4,30.80785636146736,31.53355163348197,27.48944702397987
2024-08-25,32.3,31.46915312661272,31.453060779549705,27.44321221787714
2024-08-26,32.3,31.914489113663315,31.394710458056355,27.396090994125693
2024-08-27,32.2,31.807285319179172,31.356014151996114,27.348072976477194
2024-08-28,31.0,31.405932599874035,31.332599658818037,27.29917953686912
2024-08-29,31.2,31.138616492243116,31.319113212190253,27.249411067693572
2024-08-30,30.1,31.23622694051963,31.309651487481677,27.198778700661006
2024-08-31,33.3,31.362174908822656,31.29750036148748,27.147281122564767
2024-09-01,30.3,31.028759893336186,31.27490705166901,27.094916622962014
2024-09-02,30.3,30.667346573747814,31.232833205899944,27.04170086160609
2024-09-03,30.4,30.842134293382983,31.160956597442087,26.98763302999465
2024-09-04,31.2,31.525427001402587,31.048539332520797,26.93272874102276
2024-09-05,33.2,32.27423906994538,30.885883902496936,26.87699163038378
2024-09-06,32.4,32.6859433201476,30.665786725360185,26.820433379856823
2024-09-07,33.2,32.66204144898394,30.3852423915259,26.763055762941608
2024-09-08,33.2,31.908311673595527,30.04667803605023,26.704875504583192
2024-09-09,30.0,30.42588935300556,29.65813580035442,26.64589353319726
2024-09-10,28.1,29.038188196054044,29.232994699467778,26.58611982122542
2024-09-11,28.2,28.276297823408676,28.788426808865474,26.525574230905132
2024-09-12,28.2,27.749931493291477,28.343544623138477,26.46426366800319
2024-09-13,27.3,27.01157851134601,27.917083919197225,26.40219384425155
2024-09-14,25.3,26.291915452581506,27.52536101750369,26.339376545322686
2024-09-15,26.1,25.94972049862941,27.181020432962747,26.27583181939701
2024-09-16,26.1,25.767112953671322,26.892015062804823,26.211563635463094
2024-09-17,25.2,25.602129233574658,26.66152404487174,26.14659040293951
2024-09-18,25.0,25.745680330408717,26.48836970890937,26.080925132895548
2024-09-19,27.1,26.08443979631771,26.367637875967333,26.01458869193448
2024-09-20,26.2,26.160545616593744,26.291778437535562,25.947588461468722
2024-09-21,25.3,26.10707921187626,26.25126082404129,25.87992814039395
2024-09-22,27.2,26.062582767860157,26.235850641923278,25.811634125168556
2024-09-23,25.4,25.838112780081985,26.23493965110936,25.74272075529778
2024-09-24,25.1,25.775596648758814,26.2384627007809,25.67319535839324
2024-09-25,26.1,26.253321303750873,26.23747973971949,25.60308803241301
2024-09-26,27.1,27.06107852466192,26.224897774073238,25.53241263330567
2024-09-27,28.1,27.65265465781077,26.1960570757527,25.461184369814315
2024-09-28,29.2,27.350910758374297,26.149043163615733,25.389414291038296
2024-09-29,25.3,26.173306953670686,26.084804196842924,25.317121214839123
2024-09-30,24.1,25.274501584040692,26.006992344141608,25.24432994581648
2024-10-01,25.0,25.449123572088904,25.9211764160418,25.17104960498832
2024-10-02,26.1,26.206521593539623,25.833992881524477,25.097300691182877
2024-10-03,29.4,26.2961563361369,25.75196984417461,25.023096267182794
2024-10-04,23.1,25.367634477175223,25.68042446252795,24.948461245680136
2024-10-05,25.2,24.461682890528515,25.62251670432174,24.873414509333024
2024-10-06,23.2,24.147907357706764,25.57866692249604,24.797985768992984
2024-10-07,23.6,24.637033006264865,25.54667123606484,24.722179220833542
2024-10-08,26.4,25.78512593581083,25.5219588846689,24.646024910478896
2024-10-09,27.2,26.716474071093717,25.49844978380613,24.569527044781672
2024-10-10,28.3,26.666398233845904,25.469579778036696,24.492709808313442
2024-10-11,24.9,25.80845581790548,25.429360256132636,24.41558735898025
2024-10-12,24.3,25.186975197754215,25.373107591905534,24.338184618506634
2024-10-13,25.3,25.259118290896666,25.2978586834082,24.260521233893428
2024-10-14,26.1,25.481912626051475,25.20284917850185,24.182626001997768
2024-10-15,25.3,25.43816410925926,25.089044859703264,24.104512394681024
2024-10-16,25.2,25.302425397197958,24.958925007249885,24.02620407267988
2024-10-17,25.0,25.24886400587856,24.815976277468437,23.947723562769408
2024-10-18,26.1,25.006968811493973,24.663950254568803,23.86908576139397
2024-10-19,24.1,24.329588317484173,24.506345494589056,23.790309734173846
2024-10-20,23.1,23.652892104373134,24.345908754840508,23.711415585269766
2024-10-21,22.9,23.512834042368908,24.184216901580946,23.6324318943995
2024-10-22,24.2,23.81192849230632,24.021534431184588,23.553379430794667
2024-10-23,24.2,24.08821271190688,23.857117628308636,23.474275182137546
2024-10-24,24.3,24.11872409120638,23.689697259567993,23.395139142565792
2024-10-25,24.1,23.943551712617968,23.517887509197866,23.315994006905026
2024-10-26,23.3,23.715415863777174,23.340470956132567,23.236856498006425
2024-10-27,24.0,23.466794174400775,23.15734694113111,23.157748483870524
2024-10-28,23.1,23.044982614470158,22.969317718763882,23.078689861680672
2024-10-29,22.2,22.56730680384898,22.778055526284852,22.99970732044802
2024-10-30,22.2,22.31772219524288,22.585730664193715,22.920817473427896
2024-10-31,22.0,22.298484797421757,22.394514732126652,22.842042765492984
2024-11-01,23.3,22.16134321828426,22.20623629039025,22.763403781843188
2024-11-02,21.0,21.73213443610532,22.022072127724694,22.684920372935775
2024-11-03,21.3,21.394446514140053,21.842602796204623,22.606615823465244
2024-11-04,21.2,21.412733950839467,21.668326573863176,22.528511596435393
2024-11-05,21.3,21.743377965646374,21.500028207930395,22.450625515121732
2024-11-06,23.0,22.044054425737016,21.339163783527454,22.372970662728996
2024-11-07,22.2,21.791951901459818,21.1881179165337,22.295576432163145
2024-11-08,21.1,21.036364613797957,21.05026307699692,22.21844989985473
2024-11-09,19.2,20.371447310218723,20.9293757411247,22.141611393278477
2024-11-10,21.1,19.94755219884465,20.828818785428478,22.06508266373735
2024-11-11,19.3,19.51451090074005,20.750747241888572,21.988892070275
2024-11-12,17.2,19.66703325929248,20.69522723081646,21.913060900103105
2024-11-13,22.2,20.626788933266123,20.659708124915902,21.837615385519953
2024-11-14,22.4,21.109379516724672,20.638828385944016,21.762566076991988
2024-11-15,20.3,20.60766725261125,20.624822473878183,21.687930577098843
2024-11-16,19.0,20.158795202219395,20.60876954980376,21.613725384864196
2024-11-17,20.1,20.53528432339899,20.581350355242744,21.539973549889318
2024-11-18,22.1,21.324999707902396,20.534378198101436,21.466693035630385
2024-11-19,22.0,21.79191927610312,20.46193933882677,21.393907110072817
2024-11-20,22.1,21.7733969920421,20.36096116549031,21.32163155441606
2024-11-21,21.2,21.38556703356546,20.231400666433633,21.249888901135616
2024-11-22,22.0,20.486158720282397,20.075794734709323,21.17869337703717
2024-11-23,18.2,19.17122759125129,19.89859554943212,21.108074238350426
2024-11-24,17.1,18.392328135898097,19.704829360321227,21.038030583164264
2024-11-25,18.4,18.673829903095307,19.49936359287437,20.96858362702231
2024-11-26,20.3,19.377135655266365,19.286383855672433,20.899743698667482
2024-11-27,19.2,19.8801123737179,19.069294759280673,20.83153089959003
2024-11-28,21.2,19.957471260736675,18.85090870959372,20.76395540147551
2024-11-29,20.0,19.23979490113787,18.633885193709798,20.697035844100885
2024-11-30,17.3,17.996072234010427,18.42132307723434,20.6307974575704
2024-12-01,16.1,17.26013982678134,18.21693054691409,20.56525185086374
2024-12-02,17.1,17.499173538861882,18.02527833978846,20.50042399308106
2024-12-03,19.0,17.960230406318683,17.85124107790225,20.436324194221715
2024-12-04,19.2,17.6648995486262,17.699422002058753,20.372959187214498
2024-12-05,14.2,17.05948177184002,17.57362786165924,20.31036362086777
2024-12-06,18.2,17.021613826527116,17.475914311070166,20.24853027127405
2024-12-07,18.0,16.916031733790874,17.40584714575434,20.187486127346666
2024-12-08,15.1,16.445947086311165,17.360182150416932,20.127225947961154
2024-12-09,16.1,16.37600853094453,17.33286662687682,20.067781647089188
2024-12-10,17.1,16.776480604834916,17.315586983859518,20.009184808731927
2024-12-11,17.2,17.300437839658894,17.29836162801525,19.951426763990817
2024-12-12,17.0,18.11458225614305,17.270940644492562,19.894524375368302
2024-12-13,20.2,19.03873407538647,17.224026621627132,19.838471482280347
2024-12-14,21.0,18.953436156062914,17.150591200752213,19.783314811814314
2024-12-15,17.2,17.569341370374424,17.04661493953033,19.72904801825441
2024-12-16,14.3,16.317443978403798,16.91174369248148,19.675673493856294
2024-12-17,16.2,16.25844445809215,16.74938858440333,19.623204598159354
2024-12-18,17.3,16.819978528624695,16.56631617934079,19.57166512981446
2024-12-19,17.3,17.14409860792837,16.371889423047072,19.52106055557453
2024-12-20,17.7,16.910102689285115,16.17750823016093,19.4714136729349
2024-12-21,16.1,16.13064831066022,15.9952527446214,19.422721531035794
2024-12-22,15.0,15.14513502045165,15.836694919149892,19.374999005409265
2024-12-23,14.0,14.323395508520004,15.711762515391055,19.32825488135465
2024-12-24,13.8,13.856792299719114,15.627693166891435,19.282505185545162
2024-12-25,12.8,13.974341772801669,15.58816743988408,19.237763564435763
2024-12-26,14.9,14.734275324793655,15.593123845637091,19.19402354263503
2024-12-27,16.2,15.556744011161733,15.638767211510121,19.151297734749065
2024-12-28,16.4,15.908903830499998,15.718716929095532,19.109607942500347
2024-12-29,15.0,16.03742970021755,15.824724713256211,19.068953674373287
2024-12-30,17.1,16.257508010808607,15.947912627182642,19.0293412825958
2024-12-31,16.3,16.355219741099965,16.0796621783057,18.99078309080655
2025-01-01,16.1,16.315400868914217,16.212186219052434,18.95328208581026
2025-01-02,16.5,16.29228525644192,16.338802737439305,18.916853268419665
2025-01-03,16.2,16.276517391226577,16.4536977425956,18.881499299932308
2025-01-04,16.1,16.395568806904414,16.55207339638502,18.847221580759808
2025-01-05,16.3,16.85281504090924,16.630028296948794,18.814033669738258
2025-01-06,18.2,17.403959389172083,16.684695374138332,18.781943851865837
2025-01-07,18.3,17.479576164113666,16.714857633231464,18.750947968631966
2025-01-08,16.1,17.230751381169412,16.721542521379252,18.72106749898753
2025-01-09,17.2,17.275379599391023,16.708180646830527,18.69230592126678
2025-01-10,18.2,17.415634473088154,16.6810321352292,18.66466490189007
2025-01-11,17.4,17.115417377456694,16.64852159870705,18.638149127586882
2025-01-12,16.1,16.45427211805727,16.620243050405602,18.612749387288762
2025-01-13,16.2,15.719531299836943,16.60575196997943,18.58848870587496
2025-01-14,14.4,15.14168356934297,16.613024659715155,18.565375445550597
2025-01-15,14.3,15.164065920987866,16.64720003109343,18.543409841937653
2025-01-16,16.0,15.821929737779682,16.709492469169426,18.522583724418084
2025-01-17,17.3,16.528961885253743,16.797145826317372,18.502911574945134
2025-01-18,16.1,17.052244974150476,16.903676223998794,18.48441250936806
2025-01-19,18.4,17.48099447393082,17.019780943941804,18.467069853307173
2025-01-20,18.0,17.58066689286833,17.134726437291235,18.450890896817008
2025-01-21,16.4,17.54272364703636,17.23757780515222,18.435875005238948
2025-01-22,18.3,17.777123560421252,17.31854797701342,18.42202793122218
2025-01-23,18.1,18.064641986539073,17.36984572884619,18.409357717511735
2025-01-24,18.3,18.142898461090113,17.38627871147084,18.397865665330137
2025-01-25,18.3,18.03151974649984,17.365391302348513,18.38754678004136
2025-01-26,17.2,17.951802445717398,17.30730278664375,18.37841215608157
2025-01-27,18.3,17.933717139697983,17.214371292885883,18.370458680959935
2025-01-28,19.4,17.394638232075593,17.09091072595314,18.363683806354317
2025-01-29,14.0,16.524921155621005,16.942481865180053,18.35809436501398
2025-01-30,16.1,16.459342925806304,16.775544928277743,18.353688782979493
2025-01-31,18.1,16.941691054084995,16.597291515393316,18.350469649102017
2025-02-01,17.3,16.904923271346664,16.41562916914886,18.3484298550377
2025-02-02,16.2,16.323474962364404,16.238703619912098,18.347566539082273
2025-02-03,15.1,15.808768119162043,16.074805818688,18.347894816079826
2025-02-04,16.1,15.555852307855968,15.93204255597291,18.34941802702847
2025-02-05,15.1,15.321102703776075,15.817528536594311,18.35212108010985
2025-02-06,15.1,15.014214342933553,15.73667712311042,18.35600456023075
2025-02-07,15.0,14.695854822182667,15.692312681229707,18.361076857142805
2025-02-08,13.1,14.632826168219594,15.684077608782953,18.367335223794363
2025-02-09,16.4,14.873788420926568,15.707829646673526,18.374779452709753
2025-02-10,14.2,15.08245798113318,15.756028852215504,18.383403906053264
2025-02-11,15.2,15.47386825636208,15.818435314881093,18.39320850338907
2025-02-12,16.2,16.242564708121428,15.883397916123787,18.404187390699246
2025-02-13,17.3,17.035793909401043,15.939689117941878,18.41635197235777
2025-02-14,18.3,17.32928524015461,15.977976633382703,18.429700058165498
2025-02-15,17.2,16.964380498529437,15.992304859529714,18.444208607376115
2025-02-16,15.1,16.581656055197705,15.980955875537052,18.459874635312538
2025-02-17,17.3,16.624259434285282,15.946263877156587,18.476722898249818
2025-02-18,17.3,16.418256413966006,15.894085423308042,18.494723640121546
2025-02-19,16.1,15.469732426164526,15.832542396097546,18.51388527194773
2025-02-20,12.3,14.573142407603537,15.769903560683495,18.53418549390667
2025-02-21,15.0,14.572137175767779,15.713817213565637,18.55564122487925
2025-02-22,15.3,15.033784585684987,15.66997620257053,18.578256654308156
2025-02-23,15.1,15.448273632014004,15.64165279204185,18.602018023264222
2025-02-24,16.1,15.805049668211819,15.629754563319434,18.62691506470028
2025-02-25,16.3,15.921060154518539,15.634140729619556,18.65293617330148
2025-02-26,16.1,15.66761101365407,15.654548375869549,18.680082900720812
2025-02-27,14.1,15.50180524961953,15.691653950564616,18.70834387462966
2025-02-28,16.0,15.87248868486269,15.74807997418893,18.73771415985864
2025-03-01,17.3,16.252307796379235,15.828494675261833,18.768198031361074
2025-03-02,16.2,16.002492805496864,15.93899044958277,18.799782830256767
2025-03-03,15.1,15.384182525537739,16.08612040298254,18.832469805112968
2025-03-04,14.4,14.9847318710078,16.274782319481744,18.866250603766385
2025-03-05,15.2,14.934843162331017,16.506578284949263,18.901107503229024
2025-03-06,15.0,15.07563797575878,16.778464681437534,18.93702802661575
2025-03-07,14.4,15.622011144634811,17.081720729300855,18.97401666904559
2025-03-08,17.2,16.766374211782797,17.40220080383652,19.012056287140076
2025-03-09,18.0,18.20880892389519,17.721554685549883,19.05114341107162
2025-03-10,19.3,19.62481684105611,18.019343202898757,19.091253695051662
2025-03-11,23.1,20.32451451745302,18.27601573363588,19.132401790731972
2025-03-12,19.0,19.952010356936764,18.47536388283002,19.174567808873054
2025-03-13,18.2,19.750111846036386,18.607017583341744,19.217739085508175
2025-03-14,20.2,20.479934854015248,18.667481483845748,19.26190918247661
2025-03-15,24.4,20.820202969328136,18.66056604212708,19.307063622266256
2025-03-16,18.2,19.82814175443754,18.595936033663655,19.35318977865839
2025-03-17,18.4,18.49892145074871,18.487057355060678,19.400298561864627
2025-03-18,18.1,17.375233686354797,18.348559655042546,19.44835987022746
2025-03-19,15.4,16.390330379051047,18.193731464612195,19.49736735444155
2025-03-20,15.3,16.075485694227577,18.03265168742297,19.547303177029075
2025-03-21,16.1,16.82402903415117,17.87135487250112,19.598155999500708
2025-03-22,18.1,18.33760565875363,17.712244762613867,19.649915823210982
2025-03-23,21.2,19.55311701343635,17.555323343139026,19.702577550892293
2025-03-24,21.4,19.24640190825427,17.399854557939015,19.756110707516594
2025-03-25,16.0,17.731402604820783,17.245932029732664,19.810508596785652
2025-03-26,16.0,16.547970095441777,17.0956186185933,19.865762180961433
2025-03-27,16.2,16.166097922850355,16.9530840022704,19.92185482756257
2025-03-28,16.1,16.075263774574,16.824116442776948,19.978759764914248
2025-03-29,16.1,16.00170267474443,16.715185857085974,20.036460494948606
2025-03-30,15.4,16.01202881767778,16.63237103378203,20.09495006897285
2025-03-31,17.0,16.053600667664703,16.58037464760777,20.154214077697464
2025-04-01,15.3,15.997954659075464,16.562030120568494,20.21423854012362
2025-04-02,16.1,16.063676038891753,16.578828655321953,20.27500152546111
2025-04-03,16.1,16.370441094938812,16.630451740379034,20.336487228348215
2025-04-04,17.1,16.74156184602416,16.715862929964125,20.39868351527718
2025-04-05,17.0,16.935969338724004,16.833525475725345,20.461571659679787
2025-04-06,17.3,16.827706682229206,16.981570655905802,20.525130076259234
2025-04-07,16.2,16.527722666132572,17.157316758290825,20.589340241210998
2025-04-08,16.1,16.40950531730694,17.35722517509691,20.654185047874975
2025-04-09,16.1,16.7763423935357,17.576468594612187,20.71964337971041
2025-04-10,18.0,17.481432584631875,17.808711523756617,20.785695526005288
2025-04-11,18.3,18.092770804783164,18.046303660863767,20.85231826468066
2025-04-12,18.2,18.541449799209133,18.28085509194281,20.919496497868284
2025-04-13,19.3,19.024735836690397,18.50414501905176,20.98720627903509
2025-04-14,19.0,19.597199711182533,18.709152916050286,21.055441722226963
2025-04-15,21.1,20.01095986989032,18.891183754791093,21.124158219675888
2025-04-16,20.4,19.842675680321424,19.048218518506335,21.193349653801924
2025-04-17,18.3,19.397487990133918,19.181683476441027,21.262997420874594
2025-04-18,19.2,19.346649540010127,19.296051370547282,21.333069276472678
2025-04-19,20.0,19.479645573113398,19.39840789604288,21.403557775153935
2025-04-20,20.3,19.243117934859853,19.497648307745926,21.474436260576624
2025-04-21,16.3,19.06090187897133,19.60352153925309,21.545673172677887
2025-04-22,21.4,19.399538331516872,19.725785390839036,21.617250941418263
2025-04-23,19.3,19.629025460795347,19.8730120281619,21.689140038298195
2025-04-24,19.2,19.633473277795744,20.051767173363483,21.76132614159017
2025-04-25,20.3,19.682367079700125,20.265699935528442,21.833782480452545
2025-04-26,19.2,19.697042079066037,20.514995207480723,21.906479248240842
2025-04-27,20.1,19.69355613698093,20.795802150754678,21.979393017623103
2025-04-28,19.4,19.831427840069413,21.100434887175027,22.052507154700333
2025-04-29,19.3,20.560739733366077,21.417786744444516,22.125790776391355
2025-04-30,22.3,22.03719319374548,21.734580595702553,22.199216247891876
2025-05-01,24.2,23.56453673092061,22.036629080285962,22.272767041713514
2025-05-02,25.1,24.34667213927772,22.310464853428805,22.34640429608153
2025-05-03,25.2,24.108259412601804,22.544832954114554,22.420121037847853
2025-05-04,22.1,23.33698584641957,22.731636910248998,22.49388258361918
2025-05-05,23.0,22.87832841070641,22.866594571049202,22.567669013175305
2025-05-06,22.1,23.030307284294246,22.949409151406947,22.6414492979598
2025-05-07,24.1,23.56567218180833,22.983566792001945,22.715195560347663
2025-05-08,24.3,23.945211164721925,22.975851147731078,22.788884589821915
2025-05-09,24.3,23.796833136483777,22.93575540075971,22.86248026252557
2025-05-10,23.2,23.232663112381832,22.875149109894537,22.93595592104539
2025-05-11,22.1,22.718811972537566,22.80721430039751,23.00930850995049
2025-05-12,22.4,22.55466864085028,22.745587103244006,23.082502511266984
2025-05-13,23.2,22.40135596601068,22.702773514583225,23.155495952382868
2025-05-14,22.1,21.850679684091837,22.689120641613343,23.22826764005688
2025-05-15,20.2,21.241059002082388,22.71103889203218,23.300790719536277
2025-05-16,21.2,21.098988063495362,22.770175413155954,23.3730535350954
2025-05-17,21.0,21.405955846808194,22.86324927161374,23.445022317947938
2025-05-18,22.1,22.05309785623299,22.982499614114275,23.51666693483542
2025-05-19,22.1,23.15930254312378,23.117505279699134,23.587952055480454
2025-05-20,25.2,24.573405165150866,23.257158851651646,23.658855035760094
2025-05-21,27.0,25.455545810170833,23.392121743299853,23.72934993533714
2025-05-22,25.0,25.351162726482915,23.516900293231686,23.799416866189958
2025-05-23,25.1,24.63175354332789,23.630904993509105,23.869021851554663
2025-05-24,24.1,23.556898392095704,23.738509309915976,23.938133154365808
2025-05-25,21.1,22.59241269557148,23.84826455149453,24.0067393234226
2025-05-26,22.0,22.451325898124164,23.97106485737595,24.074811270046244
2025-05-27,23.1,23.003712141729523,24.11861412112255,24.142313506114185
2025-05-28,24.3,23.582825356410503,24.30139165792625,24.209219442202496
2025-05-29,23.0,24.055522612176365,24.52758749899417,24.27550325483128
2025-05-30,25.4,24.5895941853897,24.80199464578272,24.34114985277311
2025-05-31,25.0,24.948441997048906,25.12563770599786,24.40613240304065
2025-06-01,25.1,25.004408856539506,25.49561511696033,24.47042229754414
2025-06-02,25.1,24.906573460069247,25.905025002322365,24.5339855730131
2025-06-03,24.2,24.95930440232986,26.34321305018413,24.596800584780492
2025-06-04,25.2,25.58409060387335,26.796367825956178,24.658837922094385
2025-06-05,26.2,26.92766830999198,27.248367485353704,24.720100058040526
2025-06-06,29.3,28.662593927900673,27.682051640992686,24.78054553260757
2025-06-07,30.3,30.16782336660932,28.08106888281194,24.84014253286148
2025-06-08,32.2,30.891210263995898,28.431306093059924,24.898876291365465
2025-06-09,31.1,30.573162603488402,28.72254951644424,24.95670328411665
2025-06-10,29.2,29.683212719914913,28.949218756898325,25.013614488626853
2025-06-11,28.3,29.098597643121543,29.111037242446955,25.06958344473822
2025-06-12,29.1,29.198907529320927,29.212589608214046,25.124601600731683
2025-06-13,29.4,29.748816222304015,29.262724575168757,25.178644833584517
2025-06-14,31.2,30.245769767413172,29.273711351634503,25.231683386874938
2025-06-15,30.3,30.232141868571404,29.26001066303322,25.28369045062489
2025-06-16,30.3,29.663369851374608,29.23691699892286,25.33465334831456
2025-06-17,28.2,28.838323973077433,29.21933213922874,25.384542245420597
2025-06-18,28.3,28.091596792672675,29.220443658602584,25.433341575974268
2025-06-19,27.4,27.554310427571153,29.250336090576543,25.481035783836994
2025-06-20,26.3,27.546288253105228,29.3151008801139,25.52759919456611
2025-06-21,28.2,28.31828835239302,29.416612890662474,25.573020471799698
2025-06-22,30.1,29.351617152413468,29.55258360958341,25.61727244056568
2025-06-23,30.1,30.05091735867282,29.71735186840057,25.6603333093735
2025-06-24,30.4,30.42443162077884,29.903079213771512,25.702189617801267
2025-06-25,31.1,30.59077691630993,30.100841616510223,25.742820162464206
2025-06-26,30.1,30.611241814293418,30.30185438223768,25.78222101557725
2025-06-27,31.1,30.61557477832359,30.497836042295763,25.82036542143633
2025-06-28,30.1,30.654562413854787,30.681498395795554,25.85723442155257
2025-06-29,31.2,30.791243668746052,30.846096392438533,25.892813385867395
2025-06-30,30.3,31.06627604260406,30.985327577578936,25.927095665310247
2025-07-01,32.3,31.37262345682435,31.093143658115068,25.960058066742313
2025-07-02,31.2,31.524500339467842,31.164098214509025,25.991693846785143
2025-07-03,31.3,31.743155928782805,31.193727846807278,26.02198082200062
2025-07-04,32.3,32.211966417034304,31.180046088246584,26.050918922634565
2025-07-05,33.1,32.57403146874628,31.12390958222182,26.078483266550094
2025-07-06,33.1,32.43625939848535,31.03018340099065,26.104667213199832
2025-07-07,31.1,31.929901764391253,30.907363980710723,26.129455771410232
2025-07-08,32.3,31.241754698418994,30.76738451954982,26.152834734164013
2025-07-09,30.3,30.16371694193143,30.624075675954046,26.17479951755476
2025-07-10,28.4,28.94894246468121,30.491665327622282,26.19533820211085
2025-07-11,27.3,28.334753106917333,30.38293411380902,26.21444543807877
2025-07-12,28.4,28.644782701661065,30.307846007341347,26.232096917350603
2025-07-13,29.3,29.564101602557674,30.27284214540021,26.24829843248759
2025-07-14,31.3,30.523305711929105,30.28041534250987,26.263042545747265
2025-07-15,31.0,31.036377344606066,30.329231086376122,26.276315758608465
2025-07-16,32.3,30.836186078023893,30.41443546418341,26.288109949710122
2025-07-17,29.1,30.09290182722887,30.52774989899662,26.298427635607386
2025-07-18,29.3,29.498384780411776,30.657760342740403,26.30726058713555
2025-07-19,29.2,29.417778367261015,30.789912206815682,26.314596943969587
2025-07-20,29.2,29.957043883513528,30.90735342701106,26.320430809841994
2025-07-21,30.3,31.19177072499232,30.99213034920866,26.32476284543688
2025-07-22,35.0,32.502543190977946,31.02710483339108,26.327592941388424
2025-07-23,31.1,33.39561804658142,30.998648594573154,26.3289200775291
2025-07-24,36.1,34.080721895108724,30.898988159199916,26.328737046549094
2025-07-25,34.0,34.08107880461783,30.728165962480215,26.327049487445276
2025-07-26,35.1,32.760179636115275,30.494692632684732,26.323858897203923
2025-07-27,29.4,30.34324435580577,30.21477682755512,26.319144437139656
2025-07-28,27.0,28.135472551811702,29.910192711006843,26.312917699722686
2025-07-29,26.1,27.1868237633749,29.605099648336413,26.305176845877334
2025-07-30,27.4,27.337512000865452,29.32294194937663,26.295923350046163
2025-07-31,28.1,27.851611536909555,29.083424922292963,26.28516777850715
2025-08-01,28.1,28.277230090727794,28.90042329993738,26.272906320314
2025-08-02,29.2,28.425768402293855,28.781164932865003,26.259142526078655
2025-08-03,28.2,28.191916509517505,28.726196189983263,26.243877277053492
2025-08-04,27.3,27.846460249709633,28.730021971136622,26.22711698784289
2025-08-05,28.2,27.716657303384906,28.782376642280365,26.208856489070925
2025-08-06,26.3,28.007167639035277,28.8693165015158,26.189124562754532
2025-08-07,30.3,28.663705289246614,28.97496103950325,26.167901222667922
2025-08-08,28.2,29.32528532094612,29.082653217172137,26.14520599706041
2025-08-09,30.3,30.040760100345285,29.176768198866945,26.12104802970911
2025-08-10,31.3,30.626853873045235,29.244103470142665,26.095423860279887
2025-08-11,31.0,30.700156709798115,29.275167716588523,26.06834164159466
2025-08-12,30.2,30.414699329317457,29.265029387828026,26.039811046459974
2025-08-13,30.0,30.110280523291415,29.21389736521238,26.009845322099572
2025-08-14,30.2,29.762866656679698,29.126194051240546,25.978433111048595
2025-08-15,29.3,29.192484680905547,29.01016788946808,25.945596458950106
2025-08-16,28.2,28.519291500638282,28.876030535391727,25.911356135529232
2025-08-17,28.0,27.981458164029405,28.734701890917126,25.87571990219902
2025-08-18,27.4,27.711848781623782,28.59595305502095,25.838691289316156
2025-08-19,27.1,27.849959953360603,28.46775317148162,25.800275495221513
2025-08-20,29.2,28.199268361165355,28.35540922762153,25.760490276133325
2025-08-21,28.1,28.31707570186974,28.26162254913808,25.719351661035926
2025-08-22,28.3,28.19615361365139,28.18665435589993,25.676879072053183
2025-08-23,28.2,27.98462511469854,28.128895744728293,25.63307058468877
2025-08-24,27.2,27.804178152108598,28.08549233936341,25.587940212981387
2025-08-25,28.3,27.748628801888643,28.0528347704793,25.54150527653257
2025-08-26,27.1,27.811076246144907,28.027124462487322,25.493780604496596
2025-08-27,28.3,28.034683215691345,28.004765355000597,25.444780909297783
2025-08-28,28.4,28.269029249742708,27.98265959773401,25.394513751736515
2025-08-29,28.4,28.349981140784344,27.95863884698347,25.342999764943585
2025-08-30,28.4,28.259489185400994,27.93126241891448,25.29025542325157
2025-08-31,28.3,28.004308547420123,27.900153357325422,25.23629071226384
2025-09-01,27.0,27.77906286596331,27.86570240663169,25.181126893012554
2025-09-02,28.1,27.75615257099338,27.828793778040893,25.124783322494352
2025-09-03,28.0,27.714648763529564,27.790431855829528,25.067273092685358
2025-09-04,27.2,27.58256365449892,27.75144766984951,25.0086178937569
2025-09-05,27.4,27.5469444503111,27.712084554269715,24.948832094765415
2025-09-06,28.3,27.52137622232725,27.671978501278186,24.887935182846256
2025-09-07,26.3,27.522151727455125,27.630074282137805,24.82594239678835
2025-09-08,28.3,27.774091397350517,27.584840316815573,24.76287128723723
2025-09-09,28.2,27.997017334312055,27.534554099976447,24.698750495220068
2025-09-10,28.3,27.85767462967077,27.47751319838812,24.63358751275688
2025-09-11,27.1,27.49384331064774,27.412369047020512,24.567417448577768
2025-09-12,27.1,27.244770797480392,27.33806640470536,24.50023822474855
2025-09-13,27.2,27.219079380370367,27.254099722099262,24.432082424104333
2025-09-14,27.1,27.300175394625562,27.16029711604235,24.36296972456969
2025-09-15,28.1,27.26997309425775,27.05672839263128,24.292922427635705
2025-09-16,26.3,27.092912911431682,26.943502330505744,24.221955089097182
2025-09-17,27.2,26.99440896111672,26.82051063109075,24.150087318863765
2025-09-18,27.3,26.8602028332119,26.687333400807287,24.07735388733516
2025-09-19,26.3,26.546026501623487,26.542948354240195,24.00375585300823
2025-09-20,26.1,26.271320695085357,26.385630281784074,23.929321806192302
2025-09-21,26.1,26.18413789805826,26.212942557788267,23.85407504826671
2025-09-22,26.3,26.22161178838102,26.021762008721815,23.77804489873693
2025-09-23,26.0,26.28438510129473,25.808616527491928,23.70124079567811
2025-09-24,27.2,26.156747551561104,25.570249098813733,23.623689904874418
2025-09-25,25.1,25.738407420030214,25.304252093099965,23.545415809476616
2025-09-26,25.3,25.337275053817507,25.00973864053296,23.466438535403235
2025-09-27,25.3,25.07103503261871,24.688498123700096,23.386785768579795
2025-09-28,24.4,24.905053478607222,24.34531282175829,23.30647279822578
2025-09-29,25.0,24.85569794240866,23.988133281863973,23.225526766882446
2025-09-30,25.3,24.546106614684717,23.628089187912632,23.143983268924533
2025-10-01,24.4,23.491306759577157,23.278273378489622,23.06185071012533
2025-10-02,21.1,21.94220084529536,22.952396243974672,22.97915050491173
2025-10-03,20.3,20.74813916316387,22.662954801617044,22.89591527732777
2025-10-04,19.4,20.403094484777824,22.419510870279996,22.812159472418198
2025-10-05,21.2,20.707940502096243,22.227278667501754,22.727912945091067
2025-10-06,21.1,21.136800340512515,22.086590012774884,22.643193778489636
2025-10-07,21.4,21.503988419000457,21.99292929643326,22.558035724985096
2025-10-08,22.0,21.854012997634843,21.93804526335781,22.472462112545806
2025-10-09,22.2,22.159946205011586,21.91168304773504,22.386483381373573
2025-10-10,22.2,22.42331320734622,21.903462900206172,22.300129072515624
2025-10-11,23.3,22.534170546183866,21.904551986924286,22.21341638404005
2025-10-12,22.1,22.387032303187233,21.909029573274267,22.12638519203223
2025-10-13,22.0,22.22621571679985,21.914446034298685,22.039044425324263
2025-10-14,22.2,22.125336160853262,21.921538728876797,21.95142113865786
2025-10-15,23.1,21.741236779869862,21.933258782002195,21.863538999217834
2025-10-16,19.1,21.285099558971,21.953541992132514,21.775423431617728
2025-10-17,22.0,21.323148313364015,21.985487156447935,21.687110636028542
2025-10-18,22.3,21.410599444173656,22.030361010013372,21.598613571690464
2025-10-19,20.2,21.284726334067003,22.086461773645855,21.509950552531734
2025-10-20,21.3,21.508337298516498,22.149151593067696,21.421149901181295
2025-10-21,22.2,22.18542702892615,22.21120383555964,21.33223834781665
2025-10-22,23.0,22.955543292656717,22.264001916588228,21.243242915773514
2025-10-23,24.0,23.467940870247112,22.29885279936193,21.154169585654365
2025-10-24,24.1,23.501048023188268,22.308271263989482,21.065051105084677
2025-10-25,22.2,23.27860907374152,22.28722785589289,20.975905710955164
2025-10-26,24.3,22.981465775062766,22.23372844873335,20.886767044914524
2025-10-27,22.1,22.382281044089048,22.148555295337637,20.79764669301311
2025-10-28,21.3,21.757092854051002,22.034983013091143,20.708572259743654
2025-10-29,21.0,21.597522266496483,21.897685627326336,20.619572583003077
2025-10-30,22.3,21.766648466364046,21.741991759965014,20.53066653411352
2025-10-31,22.1,21.77087547860928,21.57299726339649,20.4418692399168
2025-11-01,21.2,21.54108898479589,21.39508782169486,20.35320978936905
2025-11-02,21.4,21.30259958076023,21.21143151347888,20.264717456690992
2025-11-03,21.3,21.048991948811626,21.02428463170529,20.176404372346415
2025-11-04,20.3,20.757484074498592,20.835017885000404,20.088302128282344
2025-11-05,21.1,20.4878964922959,20.644434329334093,20.000419706889335
2025-11-06,19.3,20.297559322872118,20.453038028414497,19.912788000309348
2025-11-07,21.2,20.23446871663744,20.26113180105631,19.825418769433437
2025-11-08,19.2,20.237378485738525,20.06926726495672,19.738336376497365
2025-11-09,21.1,20.286603115488443,19.877766237490114,19.651560230249654
2025-11-10,20.1,20.15822759200726,19.68618932581405,19.565109614176297
2025-11-11,20.0,19.67376892319713,19.492986153356775,19.47902224596659
2025-11-12,19.4,18.771402364455348,19.294838333663854,19.39331139968215
2025-11-13,17.1,17.802595585574124,19.086378501723566,19.307989665250982
2025-11-14,15.4,17.751509993358937,18.860284203371837,19.223071845131706
2025-11-15,20.4,18.78947051879708,18.60811640372471,19.13860398892045
2025-11-16,19.2,19.9182664113587,18.321527485262436,19.054578497795895
2025-11-17,22.1,20.3871299012468,17.994112197354074,18.971023923423836
2025-11-18,20.3,19.803239023111182,17.62273116764521,18.88796406495602
2025-11-19,18.3,18.484454191690016,17.208801922757747,18.80541812676364
2025-11-20,16.2,17.17510300522043,16.75866043970671,18.72339571497608
2025-11-21,18.0,15.848357919952718,16.2833345178911,18.641915080818336
2025-11-22,12.3,14.481401428219364,15.797312399287513,18.560989564356824
2025-11-23,13.0,14.090805794749762,15.31728557975733,18.48064353507107
2025-11-24,15.0,14.756493810125136,14.860194644843334,18.4009061425309
2025-11-25,17.2,14.974757463454377,14.44198934016409,18.321778964356604
2025-11-26,14.3,13.758413928416966,14.076062990308944,18.24328265487076
2025-11-27,10.4,12.070107194786829,13.772189676169049,18.165427477619176
2025-11-28,10.3,11.385067528154817,13.535823107824477,18.08823419213279
2025-11-29,12.3,11.692883697957186,13.367675558324468,18.0117142639056
2025-11-30,12.3,12.09916454575256,13.263523397330225,17.93588486330114
2025-12-01,12.1,12.378516736678769,13.215298501305945,17.860761462477864
2025-12-02,12.3,12.86523659347165,13.2116862919281,17.786361824251948
2025-12-03,14.2,13.517224399653095,13.240314894440852,17.712700019508336
2025-12-04,14.1,13.926361341851319,13.289172225168032,17.639788662941186
2025-12-05,14.0,14.043525655020593,13.34864256829108,17.56763204313124
2025-12-06,14.0,14.101536495472633,13.412573279648402,17.496254728887635
2025-12-07,14.3,14.150508007792954,13.479207900106394,17.4256694224627
2025-12-08,14.3,14.004899801366488,13.550114309904211,17.355888187048198
2025-12-09,14.0,13.474794511622676,13.629356023418797,17.28692309225349
2025-12-10,12.2,12.691819550790806,13.721367326805634,17.218775334930648
2025-12-11,12.1,12.154321836128894,13.828923859635506,17.15147046839275
2025-12-12,10.4,12.398772293485806,13.951617483314186,17.08500779855742
2025-12-13,15.1,13.305625708883763,14.085128403072826,17.01940244695028
2025-12-14,13.3,14.21667312932135,14.221166217000118,16.95467302940247
2025-12-15,15.0,15.09545502912094,14.348863704153606,16.890817351605904
2025-12-16,17.2,15.815383400928317,14.456582851842114,16.82785646185622
2025-12-17,15.0,16.177643431879066,14.53391847319169,16.76579680813701
2025-12-18,17.2,16.315243044555892,14.573252993581022,16.70463576142299
2025-12-19,17.3,15.83652009342104,14.570891810391007,16.644386157229842
2025-12-20,13.1,14.767607574467494,14.527590967485635,16.585061774984602
2025-12-21,15.0,13.856495489709552,14.44781063164914,16.5266766051899
2025-12-22,11.1,13.579374873568142,14.338802146227989,16.46922854048853
2025-12-23,15.4,13.990103452737653,14.209835768102707,16.412725732092525
2025-12-24,14.2,14.410976360479355,14.071163487419058,16.35718492935637
2025-12-25,15.1,14.436604345537575,13.93358967908268,16.302593310428882
2025-12-26,13.4,14.26359109544947,13.807575123344753,16.2489620898813
2025-12-27,15.2,13.90757482242159,13.702624883301365,16.196298392819
2025-12-28,13.1,13.124188185560662,13.626316117737744,16.14461071183687
2025-12-29,11.3,12.274303344789374,13.583347048872568,16.09390634698736
2025-12-30,12.2,11.849400736531457,13.574320323420025,16.04417921406369
2025-12-31,11.1,11.848284860684585,13.594962083126369,15.995439269242645
2026-01-01,12.3,12.302047662611821,13.636007409004044,15.947680188039596
2026-01-02,12.4,13.299804139619862,13.684390931040882,15.900917256305293
2026-01-03,15.2,14.686731683455506,13.725052769250755,15.855160230882708
2026-01-04,16.2,15.931904597426774,13.743768257979957,15.810402243531225
2026-01-05,17.4,16.442927123143903,13.729423949511625,15.766642503084237
2026-01-06,17.1,15.755139448287629,13.676517769767418,15.723876437516289
2026-01-07,14.0,14.150661529199628,13.586186906336907,15.682116144138917
2026-01-08,10.2,13.070889650270278,13.465862946924949,15.641364107836754
2026-01-09,14.1,13.202841762528479,13.327716960303666,15.60161584156974
2026-01-10,15.2,13.148990465568348,13.186376067329379,15.562870949816363
2026-01-11,11.4,11.97683270452521,13.055909908611023,15.52513155243096
2026-01-12,10.2,10.673398935494154,12.947931236547234,15.488402314500785
2026-01-13,8.2,10.613233028993818,12.869585443402995,15.452676211650862
2026-01-14,12.1,12.126913548069975,12.823668095449724,15.417947533343007
2026-01-15,15.4,13.873323542580243,12.808769911370547,15.384206190780663
2026-01-16,16.2,14.21889246510514,12.820640449681996,15.351465255472808
2026-01-17,12.3,13.25582108031043,12.853948005429434,15.319717785533767
2026-01-18,11.2,12.51353008062933,12.903370948760275,15.288969238558181
2026-01-19,12.7,12.671684289495111,12.964613272502865,15.259199241662948
2026-01-20,14.2,12.902544007210135,13.034460747691588,15.23040074810799
2026-01-21,12.4,12.609806174647199,13.110777222316006,15.202594585680895
2026-01-22,11.1,12.477410831899498,13.191855616813047,15.175770516061998
2026-01-23,13.0,13.109756125692222,13.276028267419921,15.149920183657285
2026-01-24,15.1,13.845937633194456,13.361340870865178,15.125039147323976
2026-01-25,14.2,13.875194312629741,13.445821835281466,15.101113524446564
2026-01-26,13.1,13.523399002373559,13.527384234952542,15.07813294101069
2026-01-27,12.1,13.672900184459195,13.60430211903197,15.05609673663474
2026-01-28,16.0,14.263239459543477,13.67527593455737,15.035001218757065
2026-01-29,14.4,14.372076675103003,13.739102029515758,15.014836422663977
2026-01-30,14.3,13.79587042011989,13.794730796182677,14.995596901965868
2026-01-31,12.4,13.051057299788866,13.841035448467693,14.977279796539326
2026-02-01,12.3,12.776601364863302,13.876683587838873,14.959878245739905
2026-02-02,12.2,13.43756676109983,13.900204259482324,14.943377339405327
2026-02-03,15.0,14.80862183446919,13.910546408100403,14.927771884123214
2026-02-04,18.3,15.704687645851402,13.907619876917183,14.913047418567466
2026-02-05,14.0,15.458397635421262,13.892554324788406,14.899194913484367
2026-02-06,16.4,14.516328544819274,13.867820282159744,14.886197354838156
2026-02-07,12.0,13.262149386404335,13.836698047197448,14.874060766789535
2026-02-08,12.2,12.28325273312597,13.802495334942323,14.862768908434441
2026-02-09,11.1,12.116915100624741,13.767584620832007,14.85232608984661
2026-02-10,12.1,12.921634095563308,13.732894629900546,14.842709949602304
2026-02-11,15.1,14.18182338292732,13.697410708466393,14.833900831791334
2026-02-12,16.0,14.884667361324727,13.658496761010161,14.82589794737543
2026-02-13,14.3,14.724242492441338,13.612485688688757,14.81867678751807
2026-02-14,15.0,14.06598329240552,13.555875883042612,14.81223196597976
2026-02-15,12.4,13.354886654678312,13.486091707718801,14.806556654964222
2026-02-16,12.1,13.18555635797936,13.402146465774758,14.801628220182666
2026-02-17,15.1,13.423727032998364,13.305024345182563,14.797442450678778
2026-02-18,12.3,13.503347956663855,13.197591843659453,14.793984854747253
2026-02-19,14.3,13.434436565842564,13.084628988935716,14.791246045281493
2026-02-20,13.3,13.112999731086873,12.972036012233305,14.789202678392863
2026-02-21,12.3,12.52708579503354,12.866795640027378,14.787840369496596
2026-02-22,12.1,12.060452286574005,12.77629584818162,14.787148424996083
2026-02-23,10.4,12.173026882162468,12.70807954186926,14.787112307003074
2026-02-24,14.4,12.699338187907872,12.668933170641424,14.787716663166702
2026-02-25,13.1,12.694881578376773,12.664518578716711,14.78895017351356
2026-02-26,12.1,12.01146253437901,12.698462329345919,14.790788771699235
2026-02-27,10.1,11.459310418791812,12.77122306893606,14.793224890732198
2026-02-28,12.1,11.51283999679026,12.87990216833477,14.79623915967561
2026-03-01,11.1,11.996472502176186,13.017498908646886,14.799819636837801
2026-03-02,13.3,12.727231827553688,13.173506738215002,14.803939511049496
2026-03-03,13.0,13.531483807961024,13.33454533913972,14.80859372861997
2026-03-04,15.1,14.21958505918226,13.485883264978579,14.813771689782604
2026-03-05,14.2,14.679512077111683,13.613264919531975,14.819453208084607
2026-03-06,15.4,14.985303267170625,13.704810176516148,14.825611032095226
2026-03-07,15.2,15.12814805839622,13.752190304957319,14.832230152517646
2026-03-08,15.1,15.076353822372607,13.752086707242004,14.839300310228621
2026-03-09,15.2,14.826590465366852,13.705727020509887,14.84681153810193
2026-03-10,14.2,14.309204233570199,13.618541526629945,14.854737372046184
2026-03-11,14.4,13.431312027479681,13.498828830059683,14.863068386542144
2026-03-12,11.4,12.3909168588808,13.355785762590964,14.871785184955463
2026-03-13,11.3,11.91010081744108,13.198541469102581,14.88086522558875
2026-03-14,11.2,12.39944707486223,13.034828482925775,14.89028110429591
2026-03-15,15.1,13.233025677428763,12.87064049352088,14.900021655604448
2026-03-16,13.3,13.492211557043301,12.710184070855565,14.910060380513961
2026-03-17,13.3,13.210808936506686,12.556563980425548,14.920390261660241
2026-03-18,13.0,12.706500069388294,12.412313818164415,14.93100455307023
2026-03-19,12.0,12.034229969550616,12.279756897546259,14.94187415662251
2026-03-20,11.2,11.38883539419108,12.161257160617673,14.952980685915048
2026-03-21,10.4,11.111932759445242,12.059177278239451,14.964307934884138
2026-03-22,11.3,11.318315361081602,11.975975947088562,14.975829197308384
2026-03-23,12.0,11.675840211406252,11.9139238583555,14.987527521217872
2026-03-24,12.1,11.887931377200859,11.875473286070283,14.99939517641368
2026-03-25,11.1,12.061976683870455,11.863143988987584,15.011402939268955
2026-03-26,14.1,12.077102871747718,11.880291505043912,15.023542932754822
2026-03-27,10.2,11.702576895310038,11.930991813186532,15.035794170727067
2026-03-28,12.2,11.306593989019987,12.0201837849166,15.0481514398766
2026-03-29,10.1,11.207226363470037,12.1532466978626,15.060588643092673
2026-03-30,11.3,11.541128540635144,12.335188872745567,15.073087166131238
2026-03-31,13.3,11.884671809721803,12.569863259018197,15.08562336864288
2026-04-01,11.2,11.831361269721238,12.858815753691797,15.098178032587455
2026-04-02,11.2,11.964920180889921,13.200420732271013,15.110738936985044
2026-04-03,12.3,12.705213187771346,13.588906065481336,15.123287874927769
2026-04-04,15.3,13.465741235623621,14.014511757038214,15.135815787488356
2026-04-05,12.2,13.930281580325488,14.463677061513753,15.14829626648575
2026-04-06,15.1,14.658772609971553,14.920079690599154,15.160717562874616
2026-04-07,15.3,15.760076336326783,15.36593084199002,15.173065158353177
2026-04-08,17.4,16.878322001516082,15.783796146152426,15.185308229480619
2026-04-09,18.1,17.659326027898665,16.158681874557296,15.197444589964123
2026-04-10,18.0,18.037846871349103,16.479630751397703,15.209449094778213
2026-04-11,18.2,18.296003625475695,16.741021645347153,15.22130834345319
2026-04-12,18.3,18.542505664027424,16.942928052603335,15.233017059607894
2026-04-13,20.3,18.312988477926105,17.090795882521846,15.244556256731345
2026-04-14,16.4,17.388405560161942,17.19404382784815,15.255904058167488
2026-04-15,16.0,16.569378492005956,17.264311912504738,15.267060359338569
2026-04-16,16.2,16.418660976047228,17.31326823447581,15.27800306673055
2026-04-17,16.4,16.709976752551334,17.35109087398448,15.288720247731908
2026-04-18,18.1,16.917162646150857,17.384809954832104,15.299197166147556
2026-04-19,16.2,16.866464459044757,17.41817709465954,15.309424140073842
2026-04-20,16.1,17.22801005620481,17.451797743576954,15.319382838546616
2026-04-21,18.2,18.2877353095144,17.484095120029465,15.329058226604898
2026-04-22,21.4,18.96161356841477,17.51280091438016,15.338444995922693
2026-04-23,18.4,18.336275136491405,17.53551576152917,15.347527820774875
2026-04-24,16.1,17.21676779907964,17.551398846493974,15.356296836441755
2026-04-25,16.4,16.77685970781399,17.561430430372614,15.364744070199876
2026-04-26,16.3,17.20679139471217,17.568694707433245,15.372850412916993
2026-04-27,19.3,17.88821045145716,17.57791241711963,15.380616790780525
2026-04-28,18.0,18.089509306072532,17.595377805931992,15.388028444347876
2026-04-29,18.1,17.789262610447288,17.628150201314103,15.395084596751527
2026-04-30,17.1,17.309674874538175,17.68297499249408,15.40177202465698
2026-05-01,16.9,16.895873139233576,17.76592524897506,15.40808010089358
2026-05-02,16.1,16.76400767563051,17.88115168320493,15.414000723892151
2026-05-03,17.2,16.99284506836045,18.03035964302751,15.419532566594254
2026-05-04,17.1,17.44137447127563,18.212124417349642,15.424661865381799
2026-05-05,18.3,17.964116301290034,18.421980685934543,15.429384700605551
2026-05-06,18.2,18.504919799857774,18.65244395440238,15.433702010800268
2026-05-07,19.1,19.06240987325699,18.89390140910016,15.437599312154804
2026-05-08,20.2,19.455427738193542,19.13565299579006,15.441073705636622
2026-05-09,19.0,19.63564157139997,19.366962949646638,15.444126189411561
2026-05-10,20.1,20.01138965283723,19.578327690894756,15.446744844616857
2026-05-11,19.2,20.847488176788772,19.762020906553715,15.448931692108928
2026-05-12,25.2,21.381815646106897,19.912634993190803,15.450685504852645
2026-05-13,19.4,20.79167753652268,20.02693899564225,15.452004610469592
2026-05-14,19.2,20.03614693396422,20.103546511017974,15.45288293294896
2026-05-15,20.2,19.878008278233363,20.14187634919487,15.453325153201273
