city,feature,num_months,monthly_seasonal_amplitude_mean,monthly_seasonal_amplitude_std,monthly_seasonal_amplitude_variance,monthly_seasonal_amplitude_range,monthly_seasonal_amplitude_cv
Tokyo,temperature_celsius,25,6.60113956560202,1.928210968005477,3.7179975371366187,8.36212560747115,0.29210274208611214
Tokyo,humidity,25,38.97930880186041,14.045239026442573,197.26873930990553,52.9912013264915,0.36032550237966815
Tokyo,pressure_mb,25,14.185969342973017,3.7348584539023206,13.949167670685634,14.907448665185985,0.26327833957658825
Tokyo,precip_mm,25,0.19249595293494348,0.1537250226298784,0.023631382582556624,0.454689571859028,0.7985883354224687
Tokyo,wind_kph,25,20.316968145855434,6.8143592983678865,46.43549264725288,32.869954171450225,0.33540237152746555
Tokyo,air_quality_PM2.5,25,49.67464683071958,8.538016870706054,72.8977320844612,31.59404001587674,0.17187876342235028
Tokyo,air_quality_PM10,25,53.80476213965365,11.441690765053927,130.91228756312032,40.70791392936469,0.21265200904255088
Tokyo,air_quality_Carbon_Monoxide,25,422.55894389984735,191.97533076443122,36854.52762211277,759.4534791528606,0.45431609846585613
Tokyo,visibility_km,25,1.6456501119767182,2.274721030134192,5.174355764934759,5.350495919496715,1.382262859874781
Tokyo,uv_index,25,0.5478505688154968,0.7446364252259646,0.5544834057733036,2.8253676111859956,1.3591962254158774
Baghdad,temperature_celsius,25,5.695002140964111,1.5341685041816941,2.353672999223097,5.650649050263381,0.26938857373668584
Baghdad,humidity,25,25.669588558855388,13.967571088406986,195.09304210970274,47.3778694463108,0.5441291377297324
Baghdad,pressure_mb,25,6.717466916315061,2.1929995154498783,4.809246874763401,7.13416981263059,0.32646227257534033
Baghdad,precip_mm,25,0.4957675211020615,1.1477968581126388,1.3174376274932451,5.409783766836369,2.315191716393916
Baghdad,wind_kph,25,16.25438110540741,2.980423216002049,8.882922546483998,13.24001818734596,0.1833612240708777
Baghdad,air_quality_PM2.5,25,43.89001270279908,15.812730824193283,250.04245611839238,59.30660746731094,0.3602808441015745
Baghdad,air_quality_PM10,25,112.88674919312162,57.51472197124082,3307.9432434291316,194.55055772067402,0.5094904617445153
Baghdad,air_quality_Carbon_Monoxide,25,1691.2740559723106,1279.076672309022,1636037.133645121,4821.483670336467,0.7562799581725286
Baghdad,visibility_km,25,2.436908933692523,3.155261953644405,9.955677996115908,9.961471814399944,1.2947804121934907
Baghdad,uv_index,25,1.3979572529686428,0.649678546524252,0.4220822138138647,2.5601980736967413,0.4647342006664526
Bern,temperature_celsius,25,7.133900096421534,1.8527355184556373,3.4326289013470794,8.56047274388284,0.25970864371719976
Bern,humidity,25,26.32743054980407,10.527728074231193,110.83305840495564,39.333307653395465,0.39987677697281176
Bern,pressure_mb,25,14.468054622396131,4.645356576732481,21.579337724991714,16.826171789886246,0.32107679283582485
Bern,precip_mm,25,0.7634088666926745,0.49184024439206925,0.2419068260036504,1.424929469844475,0.644268446242804
Bern,wind_kph,25,7.491960234453549,3.5857474960033264,12.857585105094126,13.55613202305163,0.4786127240122578
Bern,air_quality_PM2.5,25,13.869964043004368,8.899607145903229,79.20300735141183,26.523159900527318,0.6416460142441356
Bern,air_quality_PM10,25,14.888871310494965,7.06239130557885,49.87737095311574,22.00082260961275,0.4743402745781452
Bern,air_quality_Carbon_Monoxide,25,86.87346163874844,50.16041116762107,2516.0668485048045,165.38935455077583,0.5773962522203429
Bern,visibility_km,25,4.6462774540517975,5.393420331093733,29.088982867855226,16.563524831698683,1.1608046192743802
Bern,uv_index,25,1.6493178308589451,1.1960988584506627,1.4306524791869781,4.011552371048058,0.7252082261353766
Suva,temperature_celsius,25,3.468879810709589,1.6716704864262728,2.7944822151886513,6.428931158166575,0.4819049888281711
Suva,humidity,25,18.873658565527116,8.130495397524673,66.10495540916988,36.34263093935427,0.4307853386928958
Suva,pressure_mb,25,4.545833415454247,1.4700687689341618,2.161102185395602,5.543597598704977,0.3233881743084648
Suva,precip_mm,25,0.9137327935436284,0.6558840169384555,0.43018384367532425,2.6596306566970744,0.7178072425252611
Suva,wind_kph,25,9.540834985929143,2.0477414758266836,4.193245151820844,7.462621100203928,0.21462916808085455
Suva,air_quality_PM2.5,25,4.697474816791676,2.1006736780441484,4.412829901627531,7.540034861379228,0.4471921106495438
Suva,air_quality_PM10,25,7.999210014998661,2.869020831319412,8.231280530544728,9.510902102357424,0.35866302121583843
Suva,air_quality_Carbon_Monoxide,25,26.83559686725622,17.697999745955183,313.2191950078297,62.35447037237673,0.659497153482344
Suva,visibility_km,25,0.5029883127999063,1.8043799210854736,3.2557868996164196,9.114418084125255,3.5873197749691528
Suva,uv_index,25,0.17349172479626024,0.3291309048553502,0.10832715253090157,1.1262725448794606,1.897098580591464
Dakar,temperature_celsius,25,2.760416309788665,1.276982977997026,1.630685526094153,5.280063635980269,0.46260521410076394
Dakar,humidity,25,16.66760279471704,8.594673063589472,73.86840506999043,36.8693618126834,0.5156514208698108
Dakar,pressure_mb,25,3.4623209240932504,1.0869780313650208,1.181521240670176,4.1655081134781184,0.31394491013269954
Dakar,precip_mm,25,0.32020314681365525,0.4070797503680925,0.1657139231597485,1.1671182838501308,1.271317144815556
Dakar,wind_kph,25,13.273614804911329,3.8552910515419483,14.86326909209942,18.974530324787594,0.29044771211196097
Dakar,air_quality_PM2.5,25,30.78435493877269,12.541524746200313,157.28984295955482,48.01930088384691,0.4073993030272772
Dakar,air_quality_PM10,25,157.99524224677938,87.96177077922518,7737.273118616951,290.4101890938775,0.5567368328840814
Dakar,air_quality_Carbon_Monoxide,25,61.899392518769965,39.34724248504245,1548.2054911767298,128.30521506078713,0.63566443682159
Dakar,visibility_km,25,1.856100893139808,2.68558963205738,7.2123916718140935,8.012937187858665,1.4468985182774179
Dakar,uv_index,25,1.0482188042237879,0.8673023103476913,0.7522132975344431,2.7668768022362764,0.8274057924289325
Kyiv,temperature_celsius,25,8.548621349232285,2.021427521571201,4.086169224965488,6.209567175772808,0.23646240007492397
Kyiv,humidity,25,23.74432319024642,8.424926055925646,70.97937904781486,39.128919079597694,0.35481853866386037
Kyiv,pressure_mb,25,15.363034491049564,5.774551791937386,33.34544839776727,18.92102479054416,0.3758731255405053
Kyiv,precip_mm,25,0.2164229280690549,0.44519329630015464,0.19819707107059728,1.8792415783295773,2.05705236627288
Kyiv,wind_kph,25,13.83642893132725,3.4157482095046587,11.667335830734281,14.187304981686928,0.24686631402203904
Kyiv,air_quality_PM2.5,25,14.200407612372917,9.187699258786065,84.413817669898,30.2728459853649,0.6470025022930156
Kyiv,air_quality_PM10,25,20.651206496603375,10.664977220596208,113.74173911583603,36.461838883246955,0.5164336147793757
Kyiv,air_quality_Carbon_Monoxide,25,121.9674684028851,68.70201294342243,4719.966582478183,218.64721199837044,0.5632814540061185
Kyiv,visibility_km,25,4.310867050764338,7.65727633841882,58.63388092290872,27.223072713195503,1.7762729047886427
Kyiv,uv_index,25,1.5172411368752696,0.9159420115706733,0.8389497685601316,3.5222304364072783,0.6036891495422008
Accra,temperature_celsius,25,2.489309029571079,1.0986267831508683,1.2069808086564249,3.620845233552142,0.4413380460601822
Accra,humidity,25,11.705735287860193,3.2222202114221545,10.382703090897435,14.592076884863356,0.27526850148096726
Accra,pressure_mb,25,2.5132148704856747,0.5911654998394326,0.3494766482004062,2.3177614345975424,0.23522282427255845
Accra,precip_mm,25,0.15035165424735772,0.1472096347373435,0.021670676559502087,0.5428338975244044,0.9791021952785103
Accra,wind_kph,25,8.462847036835555,3.756546194854359,14.111639314074763,17.15037242230347,0.443886812381642
Accra,air_quality_PM2.5,25,10.471675590535854,5.076894662863095,25.774859417807786,17.373765076984782,0.48482161416951436
Accra,air_quality_PM10,25,23.51364104939305,21.314737452107703,454.31803265228285,76.63004640329447,0.9064839174559863
Accra,air_quality_Carbon_Monoxide,25,106.64280141019019,49.69697763596841,2469.789586149944,203.42987856397687,0.46601342968114906
Accra,visibility_km,25,3.1143458209183876,1.5483715118260608,2.3974543386345215,4.639979899826913,0.4971739173684515
Accra,uv_index,25,1.253573885247559,0.7961353612084411,0.633831513366495,2.9455332573502466,0.635092490819732
Kabul,temperature_celsius,25,5.567470925910026,1.598926482088273,2.55656589512318,6.330902042394353,0.2871908095015192
Kabul,humidity,25,24.754599550700245,13.318351201730188,177.37847873262794,42.20777515398551,0.5380152150897325
Kabul,pressure_mb,25,6.27425581624516,1.8831993277703432,3.5464397081146726,5.751489175211365,0.3001470426013563
Kabul,precip_mm,25,0.045136421129335844,0.1349356646032405,0.018207633581918212,0.6875406914959206,2.989507391748895
Kabul,wind_kph,25,9.2244248089593,6.964800106724224,48.508440526625755,24.783407015495563,0.7550389591727825
Kabul,air_quality_PM2.5,25,14.914550903821084,6.275088622677106,39.37673722245166,23.04625625278242,0.42073600895816704
Kabul,air_quality_PM10,25,47.01080794322005,29.7297246744082,883.8565292161157,94.85285191432973,0.6324019087337522
Kabul,air_quality_Carbon_Monoxide,25,570.8253969352361,443.67050074879654,196843.51323468785,1693.1266543230574,0.7772438001722861
Kabul,visibility_km,25,1.888602025667252,3.3409163258064125,11.16172189603982,8.469690193846644,1.7689890619629358
Kabul,uv_index,25,1.7653400707383122,1.0625798862790299,1.1290760147247563,4.14182962638072,0.6019122909472228
Valletta,temperature_celsius,25,4.80045929883613,1.5967436874082688,2.549590403278155,5.561881412860421,0.33262310708381565
Valletta,humidity,25,23.635355028448483,7.902940464194828,62.456467980607975,32.08384820794165,0.3343694416556267
Valletta,pressure_mb,25,9.627425284043866,4.22075568180772,17.81477852551215,14.527395438320692,0.4384096014541959
Valletta,precip_mm,25,1.0865945827569476,1.7051062134615629,2.9073871991852287,4.365424774410543,1.5692202414034726
Valletta,wind_kph,25,21.94022234575112,4.687690466039415,21.97444190539683,18.605153720523127,0.21365738196118234
Valletta,air_quality_PM2.5,25,23.914546650419357,28.387675748646494,805.8601344102923,114.41754032593761,1.1870463682048809
Valletta,air_quality_PM10,25,36.719533374868824,34.97143846860134,1223.0015085631699,140.66059625865086,0.952393324598621
Valletta,air_quality_Carbon_Monoxide,25,40.80472426703185,13.337534054521026,177.88981465550808,49.01703360734257,0.3268624967844
Valletta,visibility_km,25,0.5996686815210224,1.7005011634904155,2.891704207032257,6.164566190774053,2.835734491214715
Valletta,uv_index,25,1.407927244021814,0.7928561665824986,0.6286209008878947,2.5394776655599225,0.5631371720016338
Warsaw,temperature_celsius,25,7.78351209287844,1.4715373661453222,2.1654222199619118,4.854958009251016,0.18905827454057816
Warsaw,humidity,25,33.24596646583313,10.490564184127466,110.05193690129796,42.03609474283899,0.3155439681655402
Warsaw,pressure_mb,25,15.680664017836353,5.265086493071403,27.72113577952293,18.485264086855295,0.33576935817784903
Warsaw,precip_mm,25,0.1446953243784878,0.23604032509229242,0.055715035069675095,1.1598068764645253,1.6312919999741546
Warsaw,wind_kph,25,14.210823668617964,5.024740728325212,25.24801938689018,18.067237428833508,0.35358546735200463
Warsaw,air_quality_PM2.5,25,36.57007784929108,24.543651287391345,602.3908185170668,79.77860238020328,0.6711402526551398
Warsaw,air_quality_PM10,25,41.546715523163236,27.88824454634459,777.7541838767188,106.89648518654252,0.6712502828483822
Warsaw,air_quality_Carbon_Monoxide,25,198.1661935315921,153.68244583024773,23618.294156367032,565.4480658382299,0.7755230248480668
Warsaw,visibility_km,25,3.7118246630015483,3.30267351025408,10.907652315334007,10.00530013437874,0.889770883623417
Warsaw,uv_index,25,1.743614305433128,1.2466399944915882,1.554111275865987,4.042110861701025,0.7149746309186841
