,temperature_celsius,temperature_fahrenheit,wind_mph,wind_kph,wind_degree,pressure_mb,pressure_in,precip_mm,precip_in,humidity,cloud,feels_like_celsius,feels_like_fahrenheit,visibility_km,visibility_miles,uv_index,gust_mph,gust_kph,air_quality_Carbon_Monoxide,air_quality_Ozone,air_quality_Nitrogen_dioxide,air_quality_Sulphur_dioxide,air_quality_PM2.5,air_quality_PM10,air_quality_us-epa-index,air_quality_gb-defra-index,moon_illumination
temperature_celsius,1.0,0.9999951197036455,0.15138713316466967,0.15138995173497347,0.08597993057111994,0.467393087177572,0.4689353109808372,0.07606838398104293,0.0743169274445313,0.3040511964293476,0.14624948476401542,0.9844784382269363,0.9844756620287526,0.11530845600564607,0.1070874537105822,0.478834288804558,0.129769305871836,0.12982549893975387,0.08108396735035614,0.22727956089928944,0.2661952225611572,0.1144877681054847,0.12051045178514411,0.17755128258718839,0.113541441518469,0.119631935503524,0.021319680966589746
temperature_fahrenheit,0.9999951197036455,1.0,0.15143746840216077,0.15144051164822547,0.08597421622697059,0.4673853366971503,0.4689285177266357,0.07605697778820436,0.07430192721768984,0.3040078442933412,0.14621325269942828,0.9844878379724351,0.9844868448280397,0.11534375363588303,0.10712382164560212,0.4788351593309824,0.12982978336315878,0.12988606725772026,0.08103352218297896,0.227258489100894,0.2662213992900408,0.11446688480036969,0.1204473595420402,0.17752884539927347,0.11349079149117203,0.11955898784950084,0.021315617006224495
wind_mph,0.15138713316466967,0.15143746840216077,1.0,0.999964576554525,0.04583476811915896,0.15274903895603392,0.15370356047171216,0.03363374149504866,0.02739927920438463,0.14385178608802235,0.03586741142682538,0.1374440803412758,0.1374235863777122,0.1506302922821633,0.14880527740668445,0.10985593342635469,0.9223180817010632,0.9223481465779175,0.22508807766578365,0.18517777435692376,0.18638161241050666,0.11719481094445966,0.09130538754846033,0.11796628849964977,0.09746297699027164,0.08437885873894041,0.016280730793120753
wind_kph,0.15138995173497347,0.15144051164822547,0.999964576554525,1.0,0.045834105600732235,0.15275008593191905,0.1537059642343142,0.03363614587974826,0.027389359160833293,0.14378996745386946,0.03586175052031886,0.13745391654450517,0.13743367153441502,0.15061542812034903,0.14879580314895816,0.1098961059025441,0.922359750891538,0.9223909724452438,0.22528980749815797,0.18525575890498439,0.18650270769384228,0.11730251372336271,0.0915059709789955,0.11773612064358421,0.09765128969472216,0.08459905429699927,0.016242535211270566
wind_degree,0.08597993057111994,0.08597421622697059,0.04583476811915896,0.045834105600732235,1.0,0.09200043735380989,0.09203846478387241,0.03243264813129639,0.031217684079410144,0.06430059670547518,0.04658527963093361,0.0899173969574889,0.08989445969958287,0.07220439304527304,0.07457009659588303,0.06879578873178026,0.045681484495147966,0.04569802051868147,0.07772881246914046,0.07743522923729909,0.09209942871685048,0.06598317923717513,0.05558681888609763,0.06086649111053114,0.05699659527501809,0.0543312925329824,0.019385631189866526
pressure_mb,0.467393087177572,0.4673853366971503,0.15274903895603392,0.15275008593191905,0.09200043735380989,1.0,0.9991301569954435,0.1945098862833443,0.19073729168234285,0.08340134008147349,0.11436723431525787,0.48197903303656503,0.48201586155334764,0.05854820069376951,0.05805914686358827,0.10635848665535394,0.1858206427259286,0.18575425200587736,0.09052146849301645,0.13779497587692818,0.18422324264907258,0.11622882393340199,0.07841420908597097,0.09019314372255885,0.06918265242322189,0.07349205953422096,0.03208554731112475
pressure_in,0.4689353109808372,0.4689285177266357,0.15370356047171216,0.1537059642343142,0.09203846478387241,0.9991301569954435,1.0,0.1938604775253226,0.19025011685034968,0.0839350256465234,0.11451254112832525,0.48356459699393617,0.48360328202573005,0.060284464219601826,0.05977361143339444,0.10613952401586906,0.18716968039838358,0.18710542886365847,0.09032068031858771,0.13858397722380983,0.1846902673207781,0.1161445894779052,0.07839901269973533,0.09026489881573817,0.06920025659920868,0.07347780179344528,0.031703550633335756
precip_mm,0.07606838398104293,0.07605697778820436,0.03363374149504866,0.03363614587974826,0.03243264813129639,0.1945098862833443,0.1938604775253226,1.0,0.9894915600119155,0.2429065890462889,0.3523278659704838,0.10010090972500767,0.10006445800234197,0.10161250907640997,0.11319677276181032,0.07840254387393478,0.06871403329193038,0.06865012223511667,0.031856691768997004,0.11156257909374284,0.07334858241190498,0.07041707164715609,0.13197751332995777,0.1415912106811973,0.12467331043450264,0.12333471294598941,0.02151305708612984
precip_in,0.0743169274445313,0.07430192721768984,0.02739927920438463,0.027389359160833293,0.031217684079410144,0.19073729168234285,0.19025011685034968,0.9894915600119155,1.0,0.2250676552004135,0.3206317008082922,0.09893085902813482,0.09888997032685526,0.10102666482003658,0.11296988082395995,0.07066354765728697,0.063351431114742,0.0632768966218207,0.02619577902859012,0.10677808309218456,0.06236987038240607,0.060673898871856057,0.12250001563969139,0.13202868044690452,0.11466558358712861,0.114200256114374,0.020102962172976704
humidity,0.3040511964293476,0.3040078442933412,0.14385178608802235,0.14378996745386946,0.06430059670547518,0.08340134008147349,0.0839350256465234,0.2429065890462889,0.2250676552004135,1.0,0.48966239347216295,0.21951879415832842,0.2195293525709308,0.23297991432670762,0.23646850037746492,0.5591289897425585,0.06662544677716918,0.06663833885134256,0.11594235417067034,0.39916389185560364,0.11398881500408165,0.20264885219508133,0.25172105763579466,0.31488674768196684,0.24543201192188424,0.25050464120480476,0.012390125038015771
cloud,0.14624948476401542,0.14621325269942828,0.03586741142682538,0.03586175052031886,0.04658527963093361,0.11436723431525787,0.11451254112832525,0.3523278659704838,0.3206317008082922,0.48966239347216295,1.0,0.11829394318066892,0.11829411814109358,0.17201101901856453,0.17233745470655285,0.22482743559613733,0.050355789316130155,0.050348336769705855,0.07891315231924456,0.20330419713924752,0.12153400036338462,0.15332363579590413,0.2295005966921657,0.2667347890108357,0.22047062724868466,0.22383476830365132,0.023081667991223086
feels_like_celsius,0.9844784382269363,0.9844878379724351,0.1374440803412758,0.13745391654450517,0.0899173969574889,0.48197903303656503,0.48356459699393617,0.10010090972500767,0.09893085902813482,0.21951879415832842,0.11829394318066892,1.0,0.9999929931500182,0.11294419474153848,0.10484284887319777,0.4259470146450478,0.13407390136871689,0.13409526174362002,0.07951786208602779,0.18512665479767357,0.2662043222784349,0.1124455796727838,0.08845886663866478,0.14072035692420054,0.08192495562571608,0.0865104358738694,0.02046653997650312
feels_like_fahrenheit,0.9844756620287526,0.9844868448280397,0.1374235863777122,0.13743367153441502,0.08989445969958287,0.48201586155334764,0.48360328202573005,0.10006445800234197,0.09888997032685526,0.2195293525709308,0.11829411814109358,0.9999929931500182,1.0,0.11287566996575603,0.10477702643262718,0.4259018022296133,0.1340650156461393,0.13408637175563845,0.07949711287130812,0.18509959913236587,0.2662195824687751,0.1124457977102446,0.08844965439188203,0.1407427553291852,0.08190460116655152,0.0864886023587745,0.02043809421514137
visibility_km,0.11530845600564607,0.11534375363588303,0.1506302922821633,0.15061542812034903,0.07220439304527304,0.05854820069376951,0.060284464219601826,0.10161250907640997,0.10102666482003658,0.23297991432670762,0.17201101901856453,0.11294419474153848,0.11287566996575603,1.0,0.9898850507327618,0.12831545564291527,0.14108457392635043,0.14098125033724215,0.10854043738762392,0.10358951180355871,0.07769463634082605,0.08965651174465271,0.15559916921349412,0.12100553866262165,0.14416074400783557,0.14711593453479646,0.01561296647516446
visibility_miles,0.1070874537105822,0.10712382164560212,0.14880527740668445,0.14879580314895816,0.07457009659588303,0.05805914686358827,0.05977361143339444,0.11319677276181032,0.11296988082395995,0.23646850037746492,0.17233745470655285,0.10484284887319777,0.10477702643262718,0.9898850507327618,1.0,0.12283680661712018,0.13727338704429828,0.1371689038875042,0.11347834407122279,0.0984123568788913,0.07488940572002017,0.08994677777681824,0.16061924942954786,0.12507670262463907,0.15026420016754402,0.15273686327651947,0.015564904752726877
uv_index,0.478834288804558,0.4788351593309824,0.10985593342635469,0.1098961059025441,0.06879578873178026,0.10635848665535394,0.10613952401586906,0.07840254387393478,0.07066354765728697,0.5591289897425585,0.22482743559613733,0.4259470146450478,0.4259018022296133,0.12831545564291527,0.12283680661712018,1.0,0.06587723817661469,0.06590991852891889,0.10003971227956264,0.34026852017094994,0.12275178071177821,0.06677898690089829,0.1171682040827254,0.16498357137242023,0.12207966396993404,0.11104207125248695,0.011782621288066598
gust_mph,0.129769305871836,0.12982978336315878,0.9223180817010632,0.922359750891538,0.045681484495147966,0.1858206427259286,0.18716968039838358,0.06871403329193038,0.063351431114742,0.06662544677716918,0.050355789316130155,0.13407390136871689,0.1340650156461393,0.14108457392635043,0.13727338704429828,0.06587723817661469,1.0,0.9999801109585259,0.2458784798665899,0.14064231723973764,0.20882404797808596,0.14220526535209335,0.12810134122598937,0.11427881724389415,0.13640297974030674,0.11912645945350434,0.018709099236547632
gust_kph,0.12982549893975387,0.12988606725772026,0.9223481465779175,0.9223909724452438,0.04569802051868147,0.18575425200587736,0.18710542886365847,0.06865012223511667,0.0632768966218207,0.06663833885134256,0.050348336769705855,0.13409526174362002,0.13408637175563845,0.14098125033724215,0.1371689038875042,0.06590991852891889,0.9999801109585259,1.0,0.24589148155128354,0.140721086349183,0.20883655752256014,0.14219663696221965,0.1280877896232323,0.11436584864962789,0.13636015005716692,0.1191035286714757,0.018743400956551703
air_quality_Carbon_Monoxide,0.08108396735035614,0.08103352218297896,0.22508807766578365,0.22528980749815797,0.07772881246914046,0.09052146849301645,0.09032068031858771,0.031856691768997004,0.02619577902859012,0.11594235417067034,0.07891315231924456,0.07951786208602779,0.07949711287130812,0.10854043738762392,0.11347834407122279,0.10003971227956264,0.2458784798665899,0.24589148155128354,1.0,0.150806648673118,0.5956992313696629,0.5701832087106925,0.5825431075846584,0.3624296718194878,0.5268904397798608,0.5451464570271397,0.026752482448802774
air_quality_Ozone,0.22727956089928944,0.227258489100894,0.18517777435692376,0.18525575890498439,0.07743522923729909,0.13779497587692818,0.13858397722380983,0.11156257909374284,0.10677808309218456,0.39916389185560364,0.20330419713924752,0.18512665479767357,0.18509959913236587,0.10358951180355871,0.0984123568788913,0.34026852017094994,0.14064231723973764,0.140721086349183,0.150806648673118,1.0,0.27319804058995656,0.14927013910589343,0.15017779603642353,0.17382265122074353,0.14391578501659003,0.14438593908890707,0.033785811160570646
air_quality_Nitrogen_dioxide,0.2661952225611572,0.2662213992900408,0.18638161241050666,0.18650270769384228,0.09209942871685048,0.18422324264907258,0.1846902673207781,0.07334858241190498,0.06236987038240607,0.11398881500408165,0.12153400036338462,0.2662043222784349,0.2662195824687751,0.07769463634082605,0.07488940572002017,0.12275178071177821,0.20882404797808596,0.20883655752256014,0.5956992313696629,0.27319804058995656,1.0,0.7239651616755595,0.5416085693684558,0.35300859771093496,0.5039294498366503,0.5271117392676223,0.03425990353532721
air_quality_Sulphur_dioxide,0.1144877681054847,0.11446688480036969,0.11719481094445966,0.11730251372336271,0.06598317923717513,0.11622882393340199,0.1161445894779052,0.07041707164715609,0.060673898871856057,0.20264885219508133,0.15332363579590413,0.1124455796727838,0.1124457977102446,0.08965651174465271,0.08994677777681824,0.06677898690089829,0.14220526535209335,0.14219663696221965,0.5701832087106925,0.14927013910589343,0.7239651616755595,1.0,0.5675030354494458,0.4036962918741175,0.5170052405366307,0.5538635538744965,0.026479777004622975
air_quality_PM2.5,0.12051045178514411,0.1204473595420402,0.09130538754846033,0.0915059709789955,0.05558681888609763,0.07841420908597097,0.07839901269973533,0.13197751332995777,0.12250001563969139,0.25172105763579466,0.2295005966921657,0.08845886663866478,0.08844965439188203,0.15559916921349412,0.16061924942954786,0.1171682040827254,0.12810134122598937,0.1280877896232323,0.5825431075846584,0.15017779603642353,0.5416085693684558,0.5675030354494458,1.0,0.8361067011184842,0.9106885599455071,0.9615240729225216,0.01846530897984555
air_quality_PM10,0.17755128258718839,0.17752884539927347,0.11796628849964977,0.11773612064358421,0.06086649111053114,0.09019314372255885,0.09026489881573817,0.1415912106811973,0.13202868044690452,0.31488674768196684,0.2667347890108357,0.14072035692420054,0.1407427553291852,0.12100553866262165,0.12507670262463907,0.16498357137242023,0.11427881724389415,0.11436584864962789,0.3624296718194878,0.17382265122074353,0.35300859771093496,0.4036962918741175,0.8361067011184842,1.0,0.749077710588065,0.7995229419897583,0.01660186567694973
air_quality_us-epa-index,0.113541441518469,0.11349079149117203,0.09746297699027164,0.09765128969472216,0.05699659527501809,0.06918265242322189,0.06920025659920868,0.12467331043450264,0.11466558358712861,0.24543201192188424,0.22047062724868466,0.08192495562571608,0.08190460116655152,0.14416074400783557,0.15026420016754402,0.12207966396993404,0.13640297974030674,0.13636015005716692,0.5268904397798608,0.14391578501659003,0.5039294498366503,0.5170052405366307,0.9106885599455071,0.749077710588065,1.0,0.8918149669135389,0.01176306198565562
air_quality_gb-defra-index,0.119631935503524,0.11955898784950084,0.08437885873894041,0.08459905429699927,0.0543312925329824,0.07349205953422096,0.07347780179344528,0.12333471294598941,0.114200256114374,0.25050464120480476,0.22383476830365132,0.0865104358738694,0.0864886023587745,0.14711593453479646,0.15273686327651947,0.11104207125248695,0.11912645945350434,0.1191035286714757,0.5451464570271397,0.14438593908890707,0.5271117392676223,0.5538635538744965,0.9615240729225216,0.7995229419897583,0.8918149669135389,1.0,0.011672653154004063
moon_illumination,0.021319680966589746,0.021315617006224495,0.016280730793120753,0.016242535211270566,0.019385631189866526,0.03208554731112475,0.031703550633335756,0.02151305708612984,0.020102962172976704,0.012390125038015771,0.023081667991223086,0.02046653997650312,0.02043809421514137,0.01561296647516446,0.015564904752726877,0.011782621288066598,0.018709099236547632,0.018743400956551703,0.026752482448802774,0.033785811160570646,0.03425990353532721,0.026479777004622975,0.01846530897984555,0.01660186567694973,0.01176306198565562,0.011672653154004063,1.0
