city_index,country,location_name,MAE,RMSE,SMAPE_%,R2
0,Afghanistan,Kabul,10.672572032378348,12.708573194962883,182.77596869623216,-3.1671659106890155
1,Thailand,Nan,6.613782719714748,7.472007420901419,22.271556563233023,-3.365198975606403
2,Vatican City,Vatican City,3.9936230621960442,5.035852568906311,51.36531207589721,-1.107078706852259
3,Japan,Tokyo,3.805309566546113,4.895158049197215,29.55821759596095,0.0390451730369028
4,Jordan,Amman,7.943441598211262,8.696515142234945,113.30312242985138,-6.442919736863276
5,Iraq,Baghdad,12.648431889467325,13.607873324040717,131.9666743644568,-7.29964865470447
6,Burundi,Bujumbura,3.8779010210148304,4.16709384435456,18.580192567380525,-8.22810408566312
7,Ukraine,Kyiv,10.068944352355448,11.611741959006803,138.82976345316882,-0.7940244180233191
8,Uzbekistan,Tashkent,16.554110928423537,18.394985124296774,190.09850848938714,-6.01034641189378
9,Malta,Valletta,3.4052683181506933,3.9596502395970035,23.488329468786606,-2.1413078993842145
10,Ghana,Accra,2.573442266403413,2.9626059181878577,10.061684581763979,-5.57584278760246
11,Poland,Warsaw,9.22469664485118,10.520984904474654,139.6370774859546,-1.363057134277251
12,Fiji Islands,Suva,1.7248001616488673,2.2273489622155114,6.225585363746348,-0.522023689752457
13,Equatorial Guinea,Malabo,1.4285859212445084,1.7156460383639898,5.533081113174901,-1.9372847800550588
14,Eritrea,Asmara,3.404070832025435,3.998160595304815,20.870432766769028,-1.8804090748365172
15,Chad,N'djamena,3.55217682431771,4.7334938311374,15.295638698359152,-0.3172041417757334
16,Senegal,Dakar,1.2331252396095158,1.503413071760264,6.246310027662322,-0.3743936704275663
17,Marshall Islands,Majuro,0.9413120308326794,1.2203821413531875,3.3009384698647684,-0.33475344026344156
18,Malawi,Lilongwe,3.498535046587212,4.027181543754527,18.94628981753172,-6.411485787671115
19,Mozambique,Maputo,8.566587273803254,9.15494132083343,40.38489211698494,-16.657708819211177
20,United Arab Emirates,Abu Dhabi,2.674943569299484,3.4389272309316445,11.33342192119639,-0.8327315000228104
21,Vanuatu,Port Vila,1.8762949085872316,2.30529658889648,6.463475382377035,-1.367192599607285
22,Italy,Rome,7.378220044184269,8.283281496383465,138.40655732074362,-4.678410627572752
23,Kenya,Nairobi,3.263468502989482,3.6455546528643783,18.406563434703635,-6.5157701571863
24,Uganda,Kampala,3.551835531909477,3.9397672408430715,17.102669118640637,-2.9477546424128396
25,Bosnia and Herzegovina,Sarajevo,9.686500000944358,10.981561468733801,182.60265931467896,-4.546549454773597
26,Angola,Luanda,1.1517088860459308,1.336911066401501,4.36442200442858,-2.3087757937031967
27,Sri Lanka,Colombo,1.3462007828208473,1.557143663007617,4.4142232601063105,-0.19856469957725142
28,Spain,Madrid,10.311596496638208,10.949995855230258,196.6251483464551,-12.285392669597796
29,Andorra,Andorra La Vella,9.566884430577263,10.21866713418402,127.1047771153595,-6.59190067612772
30,Zambia,Lusaka,4.130267939211299,4.498421778237448,24.163204154713892,-8.824156954520326
31,Switzerland,Bern,13.150028276961217,13.635173162986986,181.02624261705932,-13.3547404354958
32,South Africa,Pretoria,5.7182687230044555,6.7693691383615455,37.70517222273609,-7.322001124035552
33,Hungary,Budapest,10.3599312804119,11.440601186534163,171.0866252857842,-3.150006159322266
34,Rwanda,Kigali,2.5269533871465093,2.9953913427762124,13.325618193652867,-1.7488404905977961
35,Papua New Guinea,Port Moresby,2.5454227949555435,2.9899334810413825,9.146219029228085,-2.731835799203948
36,Oman,Muscat,4.213072370457044,5.13023196196931,16.260266100747074,-1.7793632109969781
37,Niger,Niamey,3.375420099183092,4.2390536568563535,14.272673150939463,-0.4948267878040571
38,Nigeria,Abuja,4.735576072393184,5.0680634526408825,21.106417584671323,-5.643777019727096
39,Namibia,Windhoek,1.9850145003176087,2.388632705863844,10.886170587728426,0.6043955095183582
40,Netherlands,Amsterdam,8.348626274043152,9.061244652752535,192.7010347777045,-5.633265413332252
41,Cyprus,Nicosia,5.965791359946357,6.991422811910806,53.77418399752592,-5.516620776332131
42,Serbia,Belgrade,11.662869937997408,12.518267231690029,184.90670658863158,-6.040607005427553
43,Indonesia,Jakarta,3.306590698862409,4.065791904797654,11.467203911413915,-2.2713103185447814
44,Cape Verde,Praia,2.33759474108152,2.574227135266817,11.014572453311839,-2.941590522512643
45,Solomon Islands,Honiara,2.9677950511435554,3.5809552196744474,9.989457755064885,-1.9525716883345718
46,Slovakia,Bratislava,10.783133347825094,11.821549003594638,175.45433154355788,-5.184302207985687
47,Singapore,Singapore,2.568868430480496,2.880624228766889,8.501009470121621,-1.3571334276108118
48,Slovenia,Ljubljana,10.125746857243007,11.109441900577492,177.00763920265024,-4.9034943894092935
49,Germany,Berlin,10.327134189950636,11.619598442979498,159.16082640550542,-3.532389286375442
50,Finland,Helsinki,11.75579728108075,13.386868624256792,127.28538424463423,-1.5819947893524375
51,Russia,Moscow,10.257128071907836,12.089933593372713,124.06324061290579,-0.8470006419123981
52,Madagascar,Antananarivo,4.571556500653112,5.26779593244543,22.798286513731966,-7.866152429925778
53,Burkina Faso,Ouagadougou,3.314400828028886,4.197740595331529,14.02936424688424,-0.2941255779303409
54,Armenia,Yerevan,13.150875015126601,14.17590831941315,176.61743924653936,-6.172762054334044
55,Tuvalu,Funafuti,1.2546035205962849,1.6283937229202061,4.292829423164579,-0.9083942617506102
56,Yemen,Sanaa,4.926221514772131,5.330674912970645,32.50569304937889,-6.39910756577429
57,Austria,Vienna,10.773355339421355,11.84728367239699,172.73108690007047,-4.749692292091715
58,Botswana,Gaborone,4.905527846193709,5.482103421726779,28.131902357949173,-3.3578403210754795
59,Bahrain,Manama,8.023971731031969,8.512175371547183,46.399448065365455,-12.236848043144116
60,Tanzania,Dodoma,2.3843190495942794,2.8111657576094116,11.514768342968537,-2.0648541684140933
61,Turkmenistan,Ashgabat,16.329589158483394,17.969323285166755,195.00557439755974,-4.964716790008419
62,Syria,Damascus,11.032275000781413,12.187657308219764,181.79879799377875,-6.580316002557066
63,Thailand,Bangkok,6.193349976355935,6.466687314933392,19.867791845641424,-5.546790737301488
64,Albania,Tirana,6.107401873702299,7.202180748682976,59.71134667306741,-2.8307955059643928
65,Australia,Canberra,10.290264966390064,11.585963047214078,36.22836994389998,-2.7912872407349862
66,Azerbaijan,Baku,4.2631468750579025,5.345303543038935,52.10427592928345,-1.003955127541547
67,Bangladesh,Dhaka,5.431362352153574,6.155102873681313,18.92097613803067,-1.871691403418939
68,Belgium,Brussels,9.725648812121074,10.465751992336822,193.08630018792348,-8.14312780725652
69,Gabon,Libreville,0.8904113405220704,1.08764464827239,3.489148596522096,-0.2264624664379271
70,Guinea,Conakry,0.6492782454639644,0.832701754524779,2.5956723942790583,0.27953187542157265
71,France,Paris,12.884091725427394,13.273198600341482,199.21436182587905,-20.029235165610825
72,Portugal,Lisbon,3.6307639830675504,4.233566754182714,35.815721010370964,-2.8435134860325992
73,New Zealand,Wellington,3.155193647336248,3.7704494433517137,17.112315447985406,-2.2269711294262975
74,Mongolia,Ulaanbaatar,12.55983182756053,15.808180928808532,99.44596635993497,-1.4377794417134044
75,Nepal,Kathmandu,5.393756085405206,6.142147673430797,28.619581087624695,-2.7145702732426478
76,Indonesia,Laos,4.017341257058797,4.310656214385038,13.42533034952019,-6.820275661216425
77,Guinea-Bissau,Bissau,2.080801973052905,2.4709232931185934,9.494104897494623,-1.288726567340837
78,Central African Republic,Bangui,4.701777185961307,5.0465894453665054,17.93311281845898,-11.686180243165085
79,Saudi Arabia,Riyadh,11.091646141594925,12.443136914000972,76.85752646253202,-5.2549611843704165
80,Sweden,Stockholm,8.698464783330675,10.169394530435754,140.30196540310175,-2.1374225570187932
81,Saint Lucia,Castries,0.7800031125815176,0.9487898084976166,2.978142626170101,-0.9636374558475869
82,Iran,Tehran,10.087436761745664,11.664329479695525,145.47309028345416,-5.965995004739723
83,Israel,Jerusalem,5.257365405245357,6.341649814000689,46.544520120377044,-2.7565947963594475
84,Lithuania,Vilnius,10.71939862742712,12.207165196294357,129.40700213552208,-0.9642202285965862
85,Liechtenstein,Vaduz,11.966135068365245,12.704676379173215,173.247132535617,-9.025219561423782
86,Vietnam,Hanoi,11.3237379028827,12.449226374516893,56.23697325853866,-5.862440229937291
87,Belarus,Minsk,11.391902572026373,12.833666905604629,131.30989549773255,-0.6457804049208542
88,Benin,Porto-Novo,1.9951614107806943,2.346915704395101,7.421709992147473,-2.0071960277244196
89,Kyrghyzstan,Bishkek,15.338001491014593,18.23275760335124,181.04478767955098,-4.882503920435256
90,Lebanon,Beirut,4.893279755251045,5.396067144771429,27.479959107260214,-5.350759621304341
91,Liberia,Monrovia,1.6675229338066146,1.9051829745608657,7.123128874325195,-4.9907872902347465
92,Mali,Bamako,2.658492546825106,3.136366933158536,11.724066503298605,0.29383066954225623
93,Kiribati,Tarawa,1.5831990536771736,1.6368749045614717,5.681379878361605,-12.001802505789742
94,Kazakhstan,Astana,15.560116445517673,19.86593763082112,110.48847672679958,-1.9895045187680336
95,Bulgaria,Sofia,8.247098738116147,10.068339391075101,172.49115009458308,-5.273382624847433
96,Uruguay,Montevideo,4.3218478838861225,5.493246132212896,20.857399271770625,-2.689575832135634
97,Mauritania,Nouakchott,3.4793801318566207,4.044850328236511,19.6088245417644,-3.31231015718195
98,Mauritius,Port Louis,1.290573346633812,1.5770033223925641,4.412076172287518,-1.4393717301002305
99,Malaysia,Kuala Lumpur,1.4887395934193324,2.148782171333309,4.569263145513893,-0.4621147546498381
100,Denmark,Copenhagen,6.533667760127335,7.4613686100583365,162.12569578605496,-3.9056242684821854
101,Zimbabwe,Harare,3.3504518165961543,3.723057664602812,19.759702200433885,-3.284991286662902
102,Tajikistan,Dushanbe,17.375178504917123,18.930449029721338,188.34254527260623,-7.820831477521992
103,Algeria,Algiers,8.290647462775015,9.439889016063683,117.16640189366075,-3.6620160629716647
104,Argentina,Buenos Aires,4.707258415062276,6.128300393495054,22.72995793546755,-1.9746259616300863
105,South Korea,Seoul,9.017588662961172,11.019945107483013,133.62852092178343,-0.7553505762592279
106,Egypt,Cairo,4.2093525424641065,5.313691004169106,27.006090024127015,-2.25676722887383
107,Sudan,Juba,7.890845223996433,9.006139576540061,37.54985356752256,-3.676199457615345
108,Djibouti,Djibouti,3.37048083557647,3.781153097854141,13.602971678597303,-4.601592720306247
109,Swaziland,Mbabane,6.286520105365679,7.1770076333599,39.60874025451852,-4.629345940608964
110,Sudan,Khartoum,6.259238499366578,7.734475983560716,26.302360761378747,-2.780893822981402
111,Seychelles Islands,Victoria,3.95598908562178,4.323459221163493,14.237675475016681,-9.143010045208504
112,Somalia,Mogadishu,2.6276360322086965,3.0555950278755617,9.479003717490913,-4.820937165871782
113,Montenegro,Podgorica,8.897148815890056,9.908452389455956,75.24245448894187,-4.542019762583062
114,North Korea,Pyongyang,11.784936266353633,14.290596487959153,167.27125708149518,-1.2308645639781646
115,Norway,Oslo,13.504791590097366,14.32957818581647,171.95276960564541,-5.742531480743435
116,Pakistan,Islamabad,7.360958694748643,8.676028485057651,38.067890803212435,-2.210672020363593
117,Romania,Bucharest,9.40552072422804,11.501638486197548,174.64892133963008,-3.071556615006453
118,Qatar,Doha,8.190274739920715,8.981229804639131,41.68411510893442,-7.225914707436644
119,Saint Kitts and Nevis,Basseterre,2.976770177953716,3.132898540530512,12.705122247716572,-9.568605398797901
120,Philippines,Manila,2.621549894447713,3.0559336774237837,8.447435671252645,-0.7558721394925161
121,Estonia,Tallinn,9.006403309303954,10.800379759727784,120.09196372827762,-1.3704996890022638
122,Ethiopia,Addis Ababa,4.202319312798362,4.4696686289853576,27.502428583015053,-10.447553078142972
123,Democratic Republic of Congo,Kinshasa,2.192442739332644,2.5303343359238166,9.669657666088987,-5.997895853955131
124,Czech Republic,Prague,12.880240893330177,13.725719332398102,176.01691407918725,-8.65048709734374
125,Congo,Brazzaville,1.7213878398987226,2.134250355213033,7.428340706531222,-3.8433182545083087
126,Comoros,Moroni,1.4175077827811102,1.8007267358669485,5.002352898957976,0.23000244650555168
127,Canada,Ottawa,14.883409767177456,16.451789234064172,176.2573961589771,-3.0711720944159673
128,India,New Delhi,15.10432288604281,16.497960584742284,82.12203142452076,-5.484157637738204
129,Venezuela,Caracas,7.428885154552123,8.671786347613393,33.3736538678992,-4.499802566909303
130,Ireland,Dublin,4.327772702959399,5.045808197883342,96.66274234634751,-1.281055428611555
131,Lesotho,Maseru,1.97711017423752,2.5086184462074375,10.031875312297469,0.500751351426112
132,Latvia,Riga,9.026439294761685,10.626450437069542,123.53495172965259,-0.5632604627982831
133,Micronesia,Palikir,2.3195066947675387,2.865574286843387,7.7833034828152,-1.6936471492854581
134,Morocco,Rabat,4.971015359421602,5.81444402986282,54.07308333400182,-2.643958665910958
135,Luxembourg,Luxembourg,9.593095541937895,10.589456969738752,188.1901389334719,-8.518667043493211
136,Kuwait,Kuwait City,11.922864305586641,12.70106517823603,89.24392430656934,-9.341094829980047
137,Turkey,Yaren,6.779434428433997,8.010209821995028,75.48421118031305,-3.6555460112616354
138,Turkey,Ankara,10.349230942418963,11.584558493144266,192.79502250273995,-7.272494855569811
139,Tunisia,Tunis,6.46484471866907,7.08163016525607,70.7351024880648,-5.651412136128509
140,United Kingdom,London,7.168686281789169,7.800104927904609,188.4139023276848,-6.33949294760797
141,Brunei Darussalam,Bandar Seri Begawan,3.381217781060373,3.9435121415715044,11.788445707357756,-4.655978423491819
142,Bhutan,Thimphu,3.757347558284761,4.38541694827626,39.10526153836064,-1.4594221384173474
143,Cambodia,Phnom Penh,1.7489010536443954,2.1427883736605473,5.201178117345703,0.4550553859600558
144,Barbados,Bridgetown,2.5172623111504286,2.784287824382424,9.312638452252354,-19.576993101427526
145,Timor-Leste,Dili,1.0690766477262132,1.288960605239816,4.005175158074566,-1.4522796189818359
146,Tonga,Nuku`Aloia,1.7718660005563698,2.22604067157962,6.3439838444145025,-1.3613148870566851
147,Trinidad and Tobago,Port Of Spain,0.9829536212524966,1.1069443347316075,4.134239876694718,-0.5546445634188537
148,Monaco,Monaco,8.932266520538906,9.428120543408191,140.27399914384662,-8.7939411153499
149,Panama,Panama City,1.1817723543917054,1.6906442258057746,4.816455196583477,-0.20602646512922718
150,Chile,Santiago,5.346731028862755,6.500448693465566,28.441062618677886,-6.035515410043696
151,China,Beijing,9.10118092374177,11.2016284438757,107.20279982460154,-0.8914568719853142
152,Dominican Republic,Santo Domingo,0.9848269619323805,1.2575704623416015,4.47483763630754,-0.22931535222532085
153,Croatia,Zagreb,11.292552251937682,12.050406016252019,185.7294121174872,-6.170106363702445
154,Georgia,Tbilisi,7.249050395183443,8.94072836222421,126.11250115879218,-3.456636646400421
155,Haiti,Port-Au-Prince,1.6291307053983868,2.0687743918391375,8.481795518040812,-0.5788852784149539
156,Gambia,Banjul,1.430219781873198,1.7235145576311282,6.7839039309306,-0.45764702465383
157,Saint Vincent and the Grenadines,Kingstown,1.089977497422516,1.3469610868075437,4.269673444868223,-3.9272421286619084
158,Sierra Leone,Freetown,2.49381245198577,2.785336650982977,10.452891385621445,-5.450762855884158
159,Suriname,Paramaribo,0.8797484751744628,1.1342040403503444,3.743043210335026,-0.4288287364836332
160,San Marino,San Marino,10.756976379632516,11.544173793835528,194.15800773806674,-10.149991962401096
161,Antigua and Barbuda,Saint John's,1.8569264922857454,2.135083750389019,7.343598560539752,-4.28629995996382
162,Dominica,Roseau,1.5390042379476085,1.714918391257585,5.950124304365403,-26.906941173930594
163,Cuba,Havana,3.081327715099204,4.402191130723978,16.157848712580492,-0.7250284267575511
164,Guyana,Georgetown,0.8464472616795718,1.049097289766891,3.5580404529621865,-0.30732605600146856
165,Greece,Athens,5.6954607491311116,6.864153539426219,57.85477374519087,-2.933009461006767
166,Belize,Belmopan,2.3493320018068378,3.335742583499271,12.335542977153102,-1.356616790306489
167,Brazil,Bras,1.1690567940849403,1.4863802261003496,5.274579830634914,-5.189004797359281
168,Bolivia,National,0.723833350487464,0.8991593708243437,3.1895878559822064,-0.10893909744717889
169,Bahamas,Nassau,3.791214540887639,5.061250156629431,17.468066418387547,-1.3852301509238565
170,Mexico,Mexico City,3.2861634839763356,3.8833846594584296,23.453305876382053,-0.7954648227685517
171,Macedonia,Skopje,13.41968314480522,14.569051343877094,188.90948067043803,-8.93575180037049
172,Ecuador,Quito,1.3369789845687468,1.6999039779309515,11.268975589450019,-4.057039939703252
173,Grenada,Saint George's,0.7477946796365716,0.961534195225867,2.886230441218376,-0.5420158890084006
174,Honduras,Tegucigalpa,1.9085258153460418,2.3076924273802755,10.325142271850527,0.010024714899145581
175,Peru,Lima,0.8984565767713804,1.1418637000245258,4.018449114176347,-0.9086059592614442
176,Bolivia,Sucre,4.256066287128189,4.6671082069572245,27.92308817679117,-26.154193218585263
177,Samoa,Apia,1.9445808082050455,2.2270392886164805,6.873573627639923,-2.943474546009339
178,Nicaragua,Managua,3.4312917486514247,4.021428010102371,14.302578584028995,-2.950510108643699
179,Guatemala,Guatemala City,1.679352602773752,2.196890864922801,10.840908803410903,0.054449032310273426
180,El Salvador,San Salvador,2.4902185873801113,2.7678531562004305,10.559099002073275,-0.9702807444848895
181,United States of America,Washington Harbor,7.1631312925668364,8.08393366504234,69.99042504759035,-4.516407496812753
