frequency_cycles_per_hour,period_hours,power
5.7077625570776254e-05,17520.0,381474.7908689602
0.00011415525114155251,8760.0,9655707.50114279
0.00017123287671232877,5840.0,14131.44716587515
0.00022831050228310502,4380.0,185148.2282284962
0.00028538812785388126,3504.0,2567.3460816205557
0.00034246575342465754,2920.0,89897.5923440945
0.00039954337899543376,2502.857142857143,20220.055577970965
0.00045662100456621003,2190.0,2196.060872162974
0.0005136986301369863,1946.666666666667,1202.2790645103698
0.0005707762557077625,1752.0,18543.11331184444
0.0006278538812785388,1592.7272727272727,6.214957698814319
0.0006849315068493151,1460.0,38594.05624929746
0.0007420091324200913,1347.6923076923076,10426.440630311856
0.0007990867579908675,1251.4285714285716,6699.2121739268405
0.0008561643835616438,1168.0,96160.71831042488
0.0009132420091324201,1095.0,7479.6817889111
0.0009703196347031963,1030.5882352941176,32521.90420078852
0.0010273972602739725,973.3333333333335,25763.224932475936
0.0010844748858447489,922.1052631578947,4939.471291283248
0.001141552511415525,876.0,649.8422515480964
0.0011986301369863014,834.2857142857142,8742.929145324075
0.0012557077625570776,796.3636363636364,14404.83305240883
0.0013127853881278538,761.7391304347826,6145.617308910586
0.0013698630136986301,730.0,39664.14308694202
0.0014269406392694063,700.8000000000001,6800.245663825582
0.0014840182648401827,673.8461538461538,1972.024906719354
0.0015410958904109589,648.8888888888889,28856.198965425432
0.001598173515981735,625.7142857142858,1688.0140776779795
0.0016552511415525114,604.1379310344828,6416.606331426814
0.0017123287671232876,584.0,19140.083952398374
0.001769406392694064,565.1612903225806,728.3428692340431
0.0018264840182648401,547.5,12249.084061105548
0.0018835616438356163,530.909090909091,4213.768044591794
0.0019406392694063927,515.2941176470588,16573.25423574048
0.001997716894977169,500.5714285714286,2122.0170443408624
0.002054794520547945,486.66666666666674,11899.413477235354
0.0021118721461187216,473.5135135135135,20277.070615854154
0.0021689497716894978,461.05263157894734,9080.565498492932
0.002226027397260274,449.2307692307692,28801.189143540985
0.00228310502283105,438.0,14661.538797925912
0.0023401826484018263,427.31707317073176,3577.326718393818
0.002397260273972603,417.1428571428571,9212.080389283376
0.002454337899543379,407.4418604651163,7368.046341670611
0.002511415525114155,398.1818181818182,1819.2086314655776
0.0025684931506849314,389.33333333333337,17346.74154639878
0.0026255707762557075,380.8695652173913,4679.672598646292
0.002682648401826484,372.7659574468085,1826.5408967688354
0.0027397260273972603,365.0,1527.3325240776755
0.0027968036529680365,357.55102040816325,10101.309611209772
0.0028538812785388126,350.40000000000003,502.26215847500305
0.002910958904109589,343.5294117647059,144.72422441801157
0.0029680365296803654,336.9230769230769,9512.410334436
0.0030251141552511416,330.5660377358491,1859.8618599861527
0.0030821917808219177,324.44444444444446,333.9412650496308
0.003139269406392694,318.54545454545456,2659.704724308237
0.00319634703196347,312.8571428571429,4235.863508263556
0.0032534246575342467,307.36842105263156,1244.1207410143586
0.003310502283105023,302.0689655172414,3985.1261995701693
0.003367579908675799,296.9491525423729,11008.802037387424
0.003424657534246575,292.0,4325.44063146789
0.0034817351598173513,287.2131147540984,2698.8599222852
0.003538812785388128,282.5806451612903,312.46861551739846
0.003595890410958904,278.0952380952381,8858.698663535948
0.0036529680365296802,273.75,2768.211005978549
0.0037100456621004564,269.53846153846155,316.1846366793153
0.0037671232876712326,265.4545454545455,4447.188122955657
0.003824200913242009,261.4925373134328,1971.4776867153898
0.0038812785388127853,257.6470588235294,338.5634091254653
0.003938356164383562,253.91304347826085,948.3965674642128
0.003995433789954338,250.2857142857143,1098.8804110727986
0.004052511415525114,246.7605633802817,21741.73118956819
0.00410958904109589,243.33333333333337,3193.1126598829987
0.004166666666666667,240.0,880.9855930367746
0.004223744292237443,236.75675675675674,7476.036105405635
0.004280821917808219,233.60000000000002,17689.797184190502
0.0043378995433789955,230.52631578947367,8053.222528461597
0.004394977168949771,227.53246753246756,9805.065618400373
0.004452054794520548,224.6153846153846,1442.8492599072572
0.0045091324200913245,221.77215189873417,17976.861939832885
0.0045662100456621,219.0,368.55813747418495
0.004623287671232877,216.2962962962963,14821.816687101393
0.0046803652968036525,213.65853658536588,463.37836704049477
0.004737442922374429,211.0843373493976,4748.491630821097
0.004794520547945206,208.57142857142856,1055.2489859760615
0.0048515981735159815,206.11764705882354,2822.630937267898
0.004908675799086758,203.72093023255815,3189.622922141738
0.004965753424657534,201.37931034482762,2151.9035140116075
0.00502283105022831,199.0909090909091,2444.9512838421033
0.005079908675799087,196.85393258426964,3645.6386395073105
0.005136986301369863,194.66666666666669,1651.6176484691618
0.005194063926940639,192.52747252747253,3951.6378293231655
0.005251141552511415,190.43478260869566,2399.3878105859926
0.005308219178082192,188.38709677419357,1640.4186263909376
0.005365296803652968,186.38297872340425,8645.81858844203
0.005422374429223744,184.42105263157896,4559.677686100172
0.005479452054794521,182.5,3835.552692698415
0.005536529680365296,180.61855670103094,49.173329917593186
0.005593607305936073,178.77551020408163,1778.8899830070552
0.0056506849315068495,176.96969696969697,2565.6390529083624
0.005707762557077625,175.20000000000002,2035.9329174995048
0.005764840182648402,173.46534653465346,8643.795168293944
0.005821917808219178,171.76470588235296,798.655573055943
0.005878995433789954,170.0970873786408,2945.6886412562326
0.005936073059360731,168.46153846153845,3725.6040892616443
0.0059931506849315065,166.85714285714286,7414.360739549338
0.006050228310502283,165.28301886792454,8528.156523512043
0.006107305936073059,163.73831775700936,9352.556427541096
0.0061643835616438354,162.22222222222223,673.5962776952555
0.006221461187214612,160.73394495412845,6494.05349875304
0.006278538812785388,159.27272727272728,4306.714944206625
0.006335616438356164,157.83783783783784,936.7130019965063
0.00639269406392694,156.42857142857144,5600.356703388396
0.006449771689497717,155.04424778761063,2357.593262471331
0.006506849315068493,153.68421052631578,1435.408468663809
0.006563926940639269,152.34782608695653,4869.187258367114
0.006621004566210046,151.0344827586207,2198.0318873437395
0.006678082191780821,149.74358974358975,2868.247510761136
0.006735159817351598,148.47457627118644,336.44899743690536
0.006792237442922375,147.2268907563025,44.49794823309036
0.00684931506849315,146.0,1057.4883469802792
0.006906392694063927,144.79338842975207,10159.013813464231
0.006963470319634703,143.6065573770492,911.3312489895866
0.007020547945205479,142.4390243902439,165.16776816602382
0.007077625570776256,141.29032258064515,490.9152517817044
0.007134703196347032,140.16,2760.0926540550827
0.007191780821917808,139.04761904761904,887.0265579927197
0.007248858447488584,137.95275590551182,1270.8627912309832
0.0073059360730593605,136.875,156.50460730445957
0.007363013698630137,135.81395348837208,666.5853407945752
0.007420091324200913,134.76923076923077,881.3934525431735
0.007477168949771689,133.74045801526717,1608.0311686018015
0.007534246575342465,132.72727272727275,1728.2792067355124
0.007591324200913242,131.7293233082707,1104.4944011761309
0.007648401826484018,130.7462686567164,2408.1493777879273
0.007705479452054794,129.77777777777777,245.39464297472082
0.007762557077625571,128.8235294117647,1270.1133786115893
0.007819634703196347,127.88321167883211,2794.632191708424
0.007876712328767124,126.95652173913042,4497.352701232926
0.007933789954337899,126.04316546762591,88.80482818390912
0.007990867579908675,125.14285714285715,1106.9226036728014
0.008047945205479452,124.25531914893617,15.411411863903192
0.008105022831050229,123.38028169014085,3621.052136531122
0.008162100456621005,122.5174825174825,9107.855159922574
0.00821917808219178,121.66666666666669,1576.5589126263174
0.008276255707762557,120.82758620689656,505.14827225275974
0.008333333333333333,120.0,640.7225172825454
0.00839041095890411,119.18367346938776,2413.4676940289864
0.008447488584474886,118.37837837837837,4602.567289255213
0.008504566210045661,117.58389261744968,1774.014299977313
0.008561643835616438,116.80000000000001,2751.2230222382764
0.008618721461187214,116.02649006622516,45.805810327883066
0.008675799086757991,115.26315789473684,1480.9239613603702
0.008732876712328768,114.50980392156862,334.3843124529896
0.008789954337899543,113.76623376623378,2435.2815409213904
0.00884703196347032,113.03225806451614,36.034514755213756
0.008904109589041096,112.3076923076923,2948.387093209794
0.008961187214611872,111.59235668789809,11273.764861606898
0.009018264840182649,110.88607594936708,4766.984891647511
0.009075342465753424,110.18867924528303,5371.644090114697
0.0091324200913242,109.5,2652.488145282373
0.009189497716894977,108.81987577639752,1974.4927611129674
0.009246575342465754,108.14814814814815,5851.870975568502
0.00930365296803653,107.48466257668711,768.0810263791875
0.009360730593607305,106.82926829268294,1595.0790448791874
0.009417808219178082,106.18181818181819,2332.534526656102
0.009474885844748858,105.5421686746988,3542.770238399036
0.009531963470319635,104.91017964071857,4752.288499173459
0.009589041095890411,104.28571428571428,1746.4947424381126
0.009646118721461186,103.66863905325445,6544.794315188069
0.009703196347031963,103.05882352941177,2598.0978358328607
0.00976027397260274,102.45614035087719,48.955314471992146
0.009817351598173516,101.86046511627907,4966.856144022718
0.009874429223744293,101.27167630057804,1183.3428367153008
0.009931506849315068,100.68965517241381,2696.7011036804493
0.009988584474885844,100.11428571428571,1722.3627080488793
0.01004566210045662,99.54545454545455,1044.4632589560238
0.010102739726027397,98.98305084745762,234.88623428823323
0.010159817351598174,98.42696629213482,1223.1125469080523
0.010216894977168949,97.87709497206704,1647.211294556841
0.010273972602739725,97.33333333333334,2554.653064272994
0.010331050228310502,96.79558011049724,82.83348589114807
0.010388127853881279,96.26373626373626,432.36085902296617
0.010445205479452055,95.73770491803278,284.05871767857593
0.01050228310502283,95.21739130434783,159.77330117379353
0.010559360730593607,94.70270270270271,138.21616667152054
0.010616438356164383,94.19354838709678,3982.5148605928234
0.01067351598173516,93.68983957219251,1403.6844365256416
0.010730593607305937,93.19148936170212,1170.641735344364
0.010787671232876711,92.69841269841271,429.4127638870716
0.010844748858447488,92.21052631578948,634.6008970122296
0.010901826484018265,91.72774869109948,850.2512468007309
0.010958904109589041,91.25,3671.0921615000816
0.011015981735159818,90.77720207253886,161.45926828595347
0.011073059360730593,90.30927835051547,418.7497871274738
0.01113013698630137,89.84615384615385,751.7027748115127
0.011187214611872146,89.38775510204081,1037.9163754756182
0.011244292237442922,88.93401015228426,5.690562763783523
0.011301369863013699,88.48484848484848,1698.9748302000219
0.011358447488584474,88.04020100502514,1890.7716118419835
0.01141552511415525,87.60000000000001,788.4977696744244
0.011472602739726027,87.16417910447761,32.21563239724123
0.011529680365296804,86.73267326732673,1589.6152406280607
0.01158675799086758,86.30541871921181,1651.5003857126267
0.011643835616438355,85.88235294117648,1473.1020401584474
0.011700913242009132,85.46341463414635,1027.4819504810396
0.011757990867579908,85.0485436893204,3414.224937427849
0.011815068493150685,84.6376811594203,343.9026388190954
0.011872146118721462,84.23076923076923,6081.8812066473765
0.011929223744292236,83.82775119617226,593.2440735445399
0.011986301369863013,83.42857142857143,10.556657318795388
0.01204337899543379,83.03317535545024,907.7424870680989
0.012100456621004566,82.64150943396227,1036.1418769508941
0.012157534246575343,82.25352112676056,552.5202417494651
0.012214611872146118,81.86915887850468,27.56827108071631
0.012271689497716894,81.48837209302326,186.33095975403847
0.012328767123287671,81.11111111111111,638.684918889526
0.012385844748858447,80.73732718894009,214.68935683135675
0.012442922374429224,80.36697247706422,984.2790715843188
0.012499999999999999,80.0,2204.084406963224
0.012557077625570776,79.63636363636364,516.4185079925105
0.012614155251141552,79.27601809954751,176.2905907226028
0.012671232876712329,78.91891891891892,503.54269693735074
0.012728310502283105,78.56502242152466,582.360988036248
0.01278538812785388,78.21428571428572,466.74276530513856
0.012842465753424657,77.86666666666667,1709.786633874218
0.012899543378995433,77.52212389380531,2695.1692824026773
0.01295662100456621,77.18061674008811,89.65672733971155
0.013013698630136987,76.84210526315789,731.6527678936711
0.013070776255707761,76.50655021834062,1788.2913037158391
0.013127853881278538,76.17391304347827,149.69635739423234
0.013184931506849315,75.84415584415585,536.4858039220505
0.013242009132420091,75.51724137931035,81.07597641763192
0.013299086757990868,75.1931330472103,363.6127523747498
0.013356164383561643,74.87179487179488,614.6848681110295
0.01341324200913242,74.55319148936171,1797.3640060097564
0.013470319634703196,74.23728813559322,1006.6855300247506
0.013527397260273973,73.92405063291139,68.50942069239247
0.01358447488584475,73.61344537815125,668.7830898463307
0.013641552511415524,73.30543933054393,1095.2493704352175
0.0136986301369863,73.0,374.45744822664716
0.013755707762557077,72.69709543568464,2111.8113511406596
0.013812785388127854,72.39669421487604,710.1000719438491
0.01386986301369863,72.09876543209876,381.0355357409755
0.013926940639269405,71.8032786885246,544.8164630248555
0.013984018264840182,71.51020408163265,491.8565526140289
0.014041095890410958,71.21951219512195,503.7515973241336
0.014098173515981735,70.93117408906883,254.84276925922484
0.014155251141552512,70.64516129032258,2158.8536660427144
0.014212328767123287,70.36144578313254,43.74179038253472
0.014269406392694063,70.08,1177.9900166434186
0.01432648401826484,69.80079681274901,1540.9653834229377
0.014383561643835616,69.52380952380952,712.4884487772414
0.014440639269406393,69.24901185770752,225.3118796898915
0.014497716894977168,68.97637795275591,715.6045348123203
0.014554794520547944,68.70588235294117,516.5743004875025
0.014611872146118721,68.4375,750.0165186923582
0.014668949771689498,68.17120622568093,83.6742592460866
0.014726027397260274,67.90697674418604,448.3805628624214
0.014783105022831049,67.64478764478766,856.5628883180525
0.014840182648401826,67.38461538461539,117.37821550925466
0.014897260273972602,67.1264367816092,76.2378745968348
0.014954337899543379,66.87022900763358,1676.3477576844994
0.015011415525114155,66.61596958174904,3055.6611845238067
0.01506849315068493,66.36363636363637,318.36156359657804
0.015125570776255707,66.11320754716982,964.5016935639528
0.015182648401826484,65.86466165413535,220.40065528248584
0.01523972602739726,65.6179775280899,1283.6200813961761
0.015296803652968037,65.3731343283582,1044.9084998858737
0.015353881278538812,65.13011152416357,974.4915634350957
0.015410958904109588,64.88888888888889,266.29012260869075
0.015468036529680365,64.64944649446495,182.1602098526257
0.015525114155251141,64.41176470588235,1352.4509936153781
0.015582191780821918,64.17582417582418,256.129863384337
0.015639269406392695,63.941605839416056,441.275232878347
0.01569634703196347,63.70909090909091,2004.5818688029158
0.015753424657534248,63.47826086956521,407.37700104069705
0.015810502283105023,63.24909747292419,721.3045922975587
0.015867579908675798,63.021582733812956,1446.2058456208006
0.015924657534246576,62.795698924731184,419.396771302839
0.01598173515981735,62.57142857142858,65.37265203081017
0.01603881278538813,62.34875444839857,1086.9960063100748
0.016095890410958904,62.12765957446808,2657.777530829589
0.01615296803652968,61.90812720848057,819.3726920293363
0.016210045662100457,61.690140845070424,59.01419056076021
0.016267123287671232,61.47368421052632,21.31098578034579
0.01632420091324201,61.25874125874125,177.00021574123252
0.016381278538812785,61.045296167247386,1161.109563597761
0.01643835616438356,60.83333333333334,790.3298989269816
0.01649543378995434,60.622837370242216,231.27302595348726
0.016552511415525113,60.41379310344828,1702.1972291605737
0.01660958904109589,60.20618556701031,579.1817953670924
0.016666666666666666,60.0,4304.149704939674
0.01672374429223744,59.79522184300342,560.9442814559638
0.01678082191780822,59.59183673469388,840.7531034801008
0.016837899543378994,59.38983050847458,92.41010618796045
0.016894977168949773,59.189189189189186,628.6258462298858
0.016952054794520548,58.98989898989899,388.4924707772844
0.017009132420091323,58.79194630872484,939.0742494377903
0.0170662100456621,58.59531772575251,179.44032251046735
0.017123287671232876,58.400000000000006,87.5572354301517
0.017180365296803654,58.20598006644518,857.4185261301777
0.01723744292237443,58.01324503311258,1139.936085321138
0.017294520547945204,57.82178217821783,597.4079681204429
0.017351598173515982,57.63157894736842,1904.8719227105219
0.017408675799086757,57.442622950819676,1574.9567664944739
0.017465753424657535,57.25490196078431,296.2326850367944
0.01752283105022831,57.06840390879479,768.6977764390479
0.017579908675799085,56.88311688311689,1940.3524187039077
0.017636986301369863,56.69902912621359,453.5182054504642
0.01769406392694064,56.51612903225807,104.20123307803699
0.017751141552511417,56.33440514469453,110.43695323869326
0.01780821917808219,56.15384615384615,48.333282563564175
0.017865296803652966,55.974440894568694,275.33051274646687
0.017922374429223745,55.796178343949045,242.31540458633546
0.01797945205479452,55.61904761904762,308.5280461566421
0.018036529680365298,55.44303797468354,1165.9710922522247
0.018093607305936073,55.26813880126183,1241.6587135784785
0.018150684931506848,55.09433962264151,2267.6860741632067
0.018207762557077626,54.921630094043884,1541.4606664951968
0.0182648401826484,54.75,432.19937671069744
0.01832191780821918,54.57943925233644,168.15230772132057
0.018378995433789954,54.40993788819876,819.8049521817203
0.01843607305936073,54.24148606811146,2741.499866093712
0.018493150684931507,54.074074074074076,1099.2068117771569
0.018550228310502282,53.90769230769231,402.07796981502366
0.01860730593607306,53.74233128834356,949.3923642871817
0.018664383561643835,53.57798165137615,1717.4374821403162
0.01872146118721461,53.41463414634147,2945.719199792065
0.01877853881278539,53.25227963525836,271.6943847223442
0.018835616438356163,53.09090909090909,2842.0595633382864
0.01889269406392694,52.93051359516616,322.16606001511155
0.018949771689497717,52.7710843373494,1685.7218873911577
0.01900684931506849,52.612612612612615,229.32119937643202
0.01906392694063927,52.455089820359284,2017.1489294304617
0.019121004566210045,52.29850746268657,55.4325457344907
0.019178082191780823,52.14285714285714,266.4211762892643
0.019235159817351598,51.98813056379822,528.2014384966577
0.019292237442922373,51.834319526627226,21.217895318077513
0.01934931506849315,51.68141592920354,3235.133598772565
0.019406392694063926,51.529411764705884,4620.081620331141
0.019463470319634704,51.3782991202346,1224.8210252198455
0.01952054794520548,51.228070175438596,319.93897775721064
0.019577625570776254,51.078717201166185,1327.1413444092982
0.019634703196347032,50.93023255813954,40.657373054820575
0.019691780821917807,50.78260869565218,1702.240204839285
0.019748858447488585,50.63583815028902,1816.0005443902683
0.01980593607305936,50.48991354466859,182.4526421748585
0.019863013698630135,50.344827586206904,69.12592127835963
0.019920091324200914,50.20057306590258,542.6495482439375
0.01997716894977169,50.05714285714286,1587.960346589129
0.020034246575342467,49.914529914529915,343.2610702333524
0.02009132420091324,49.77272727272727,142.03053468402877
0.020148401826484016,49.63172804532579,1271.3785619813218
0.020205479452054795,49.49152542372881,228.77551798590414
0.02026255707762557,49.35211267605634,9.292891660840997
0.020319634703196348,49.21348314606741,318.3286272899678
0.020376712328767123,49.075630252100844,48.07529472882947
0.020433789954337898,48.93854748603352,1590.7007422141412
0.020490867579908676,48.80222841225627,356.8746380751288
0.02054794520547945,48.66666666666667,1743.2808955239939
0.02060502283105023,48.531855955678665,5362.794828308316
0.020662100456621004,48.39779005524862,946.7802975261803
0.02071917808219178,48.26446280991736,823.8739466848153
0.020776255707762557,48.13186813186813,1649.9292871029556
0.020833333333333332,48.0,2710.937777777783
