scope,city,var_1,var_2,pearson,spearman,mutual_information,distance_correlation,cross_correlation,best_lag
global,ALL,temperature_celsius,humidity,-0.33886931323430564,-0.32612556316772445,0.8238268655350174,0.3040511964293476,-0.48225635512092185,0.7894736842105263
global,ALL,temperature_celsius,pressure_mb,-0.417808122211733,-0.4800091002926051,0.27031053567587815,0.467393087177572,-0.3505197442484182,3.1626794258373208
global,ALL,temperature_celsius,air_quality_PM2.5,0.060286094547848515,0.07543297798896856,0.06805174732398811,0.12051045178514411,-0.09713476970823458,3.3779904306220097
global,ALL,humidity,precip_mm,0.1706633526766571,0.3617726867156917,0.10056476663038527,0.2429065890462889,0.1762304795458276,0.24401913875598086
global,ALL,wind_kph,air_quality_PM2.5,-0.05184706061627705,-0.1263720026534993,0.07182303673906709,0.0915059709789955,-0.06896141655033691,-0.2679425837320574
global,ALL,wind_kph,air_quality_PM10,0.0805864210122091,-0.031080430522900878,0.06722100945879639,0.11773612064358421,-0.010669326335712557,-0.2966507177033493
global,ALL,visibility_km,air_quality_PM2.5,-0.11643418350869444,-0.15918561325670721,0.047086548913148896,0.15559916921349412,,
global,ALL,visibility_km,air_quality_PM10,-0.050022875347342996,-0.14081771232796036,0.04319573217502537,0.12100553866262165,,
global,ALL,air_quality_PM2.5,air_quality_PM10,0.6531761777892408,0.951469937115589,1.9339117648259938,0.8361067011184842,0.9219720215549596,0.0
city,Tokyo,temperature_celsius,humidity,0.3161328234026092,0.3325286164450705,0.4555989654794397,0.3938755946453945,0.4457864008237889,22.0
city,Tokyo,temperature_celsius,pressure_mb,-0.3361817771989764,-0.3524756691451951,0.1115138879039117,0.3449186896433835,-0.3833597774708703,22.0
city,Tokyo,temperature_celsius,air_quality_PM2.5,-0.0977529274911791,-0.0932236766198469,0.0435977615991549,0.1355033989645858,-0.2547901269092151,8.0
city,Tokyo,humidity,precip_mm,0.1959652197539189,0.4624310791593951,0.1245143599098348,0.3302372313025911,0.1959652197539185,0.0
city,Tokyo,wind_kph,air_quality_PM2.5,-0.1095862929786005,-0.1004810483059102,0.0004594730919214,0.1075300507432412,-0.260785355846105,-1.0
city,Tokyo,wind_kph,air_quality_PM10,-0.087867843784785,-0.0761086872365389,0.0401510948098393,0.0901252856212223,-0.2405587059698029,-1.0
city,Tokyo,visibility_km,air_quality_PM2.5,0.0191736557269022,0.0581977064077507,0.0250936332266851,0.0886648306143472,0.0900471643715166,12.0
city,Tokyo,visibility_km,air_quality_PM10,0.0226598632416518,0.060719861442706,0.0132403677064194,0.0932320620508504,0.100233377368826,12.0
city,Tokyo,air_quality_PM2.5,air_quality_PM10,0.964475984635036,0.9784920624134844,2.1736711256344665,0.9655366428107396,0.9644759846350356,0.0
city,Baghdad,temperature_celsius,humidity,-0.7961334812839723,-0.8674035019255292,0.7456706605633805,0.8077331399844422,-0.7961334812839725,0.0
city,Baghdad,temperature_celsius,pressure_mb,-0.8811643672445728,-0.873284520090928,0.8392063112009298,0.8785218876228015,-0.8829038698874676,-1.0
city,Baghdad,temperature_celsius,air_quality_PM2.5,-0.0009819198081279,-0.0328066636036348,0.0484950509064652,0.1287219005330554,-0.0705467213127519,10.0
city,Baghdad,humidity,precip_mm,0.1964100390274437,0.2695437640007798,0.0287493152465003,0.2536498409286183,0.1964100390274437,0.0
city,Baghdad,wind_kph,air_quality_PM2.5,-0.1015553379294472,-0.1083944280911861,0.0338664577880054,0.1336835883729963,-0.1053209004932271,-1.0
city,Baghdad,wind_kph,air_quality_PM10,0.0246032325977,0.0387984924901213,0.0,0.0918217944268423,0.1523624204941854,5.0
city,Baghdad,visibility_km,air_quality_PM2.5,-0.161959084528186,-0.2357817467455959,0.020072306351349,0.2061773078131479,-0.161959084528186,0.0
city,Baghdad,visibility_km,air_quality_PM10,-0.1079039454209461,-0.1713427942719335,0.0291144713379283,0.1605153723431824,-0.1079039454209462,0.0
city,Baghdad,air_quality_PM2.5,air_quality_PM10,0.7813175604079968,0.8033694860396896,0.6686851153444655,0.7911472021155123,0.7813175604079968,0.0
city,Bern,temperature_celsius,humidity,-0.7075798296404451,-0.6722821922799171,0.7730916760313793,0.6792643188757976,-0.7075798296404442,0.0
city,Bern,temperature_celsius,pressure_mb,-0.0111760793938179,-0.0789035808206454,0.1311913439736738,0.205648267657204,0.089828239825671,-28.0
city,Bern,temperature_celsius,air_quality_PM2.5,-0.152109458247659,-0.1767969005365162,0.1307612101073365,0.1842870114955679,-0.2192909805881858,13.0
city,Bern,humidity,precip_mm,0.1167300850463856,0.0432299751910593,0.05044486548387,0.130555955348044,0.1167300850463859,0.0
city,Bern,wind_kph,air_quality_PM2.5,-0.2578865926622267,-0.2960287765572706,0.0972510599721525,0.2662848678107095,-0.257886592662227,0.0
city,Bern,wind_kph,air_quality_PM10,-0.2768308763485644,-0.3071365097027564,0.0830733721694532,0.2769352878542708,-0.2768308763485642,0.0
city,Bern,visibility_km,air_quality_PM2.5,-0.0224445629460614,-0.0600766554886145,0.0127593320241605,0.0541698540953829,0.0785704125428945,-19.0
city,Bern,visibility_km,air_quality_PM10,-0.0042745482298746,-0.0359516929630907,0.0259726434085079,0.0481719245166242,0.1031321880424231,-23.0
city,Bern,air_quality_PM2.5,air_quality_PM10,0.9574288003882448,0.9756404449007966,1.777930582454644,0.9640803099693056,0.9574288003882442,0.0
city,Suva,temperature_celsius,humidity,-0.3365909221276145,-0.1471134202587012,0.4419945265692249,0.2909499926385688,-0.336590922127612,0.0
city,Suva,temperature_celsius,pressure_mb,-0.4674496165206998,-0.6567816197165145,0.3227494642522264,0.6251097869796916,-0.5829618855955557,-28.0
city,Suva,temperature_celsius,air_quality_PM2.5,-0.1596445340119822,-0.1231278436156445,0.1250327709599981,0.2774707222420998,-0.2880952487558298,-30.0
city,Suva,humidity,precip_mm,0.123474577120794,0.1641731724380204,0.0542294886711247,0.1888308385655344,0.1234745771207946,0.0
city,Suva,wind_kph,air_quality_PM2.5,0.1746189002776458,0.3086163259391334,0.0428243507697718,0.307024700431926,0.213949903869471,5.0
city,Suva,wind_kph,air_quality_PM10,0.1824126438726362,0.3238106304994021,0.0410490227707125,0.3224415817279311,0.1907416660492614,14.0
city,Suva,visibility_km,air_quality_PM2.5,0.014745535779799,0.0679216097703846,0.0,0.0511511324616399,0.0753646814245849,-3.0
city,Suva,visibility_km,air_quality_PM10,0.0068429524578077,0.0677925630530606,0.024972633569029,0.0538139156451383,-0.0845940445336248,-23.0
city,Suva,air_quality_PM2.5,air_quality_PM10,0.9494132942959276,0.9068551211592316,1.6967392885453436,0.937338472069683,0.9494132942959274,0.0
city,Dakar,temperature_celsius,humidity,-0.1101228038167501,-0.165222073037756,0.5371234383385941,0.2217118995142508,-0.1602278601170972,-29.0
city,Dakar,temperature_celsius,pressure_mb,0.0046520654914314,-0.0182419555968655,0.0306525383740128,0.1099079292181764,0.1318027227222154,-26.0
city,Dakar,temperature_celsius,air_quality_PM2.5,-0.2415568415888346,-0.2904995845007442,0.1582820414349997,0.2856502778287629,-0.3002278851016018,13.0
city,Dakar,humidity,precip_mm,0.1017203349383747,0.1025331610662123,0.0886746619974188,0.1335805802753988,0.1128499645935113,29.0
city,Dakar,wind_kph,air_quality_PM2.5,0.134018066317075,0.1963701852388341,0.0527036804746003,0.1853308598085934,0.2045130662052242,-8.0
city,Dakar,wind_kph,air_quality_PM10,0.1058720403880076,0.163613084747853,0.095437229160864,0.1504252391459633,0.1915522534505557,-2.0
city,Dakar,visibility_km,air_quality_PM2.5,-0.3004725092509578,-0.2465609080211286,0.0388481095462718,0.2926164878898453,-0.3004725092509582,0.0
city,Dakar,visibility_km,air_quality_PM10,-0.2304442407322421,-0.2208639153517394,0.0163538342568434,0.2489551006551331,-0.2304442407322419,0.0
city,Dakar,air_quality_PM2.5,air_quality_PM10,0.9150608984418658,0.933663965638573,1.1555522579349025,0.908775261833941,0.9150608984418652,0.0
city,Kyiv,temperature_celsius,humidity,-0.7617827424476902,-0.760880251350229,0.5586183890823393,0.729540019598591,-0.7617827424476896,0.0
city,Kyiv,temperature_celsius,pressure_mb,-0.316420457210515,-0.329452306931027,0.1870231745234836,0.3727630547977245,-0.324270167602266,18.0
city,Kyiv,temperature_celsius,air_quality_PM2.5,-0.2832475525362109,-0.299652735104899,0.1704774902353101,0.2947111065452978,-0.3694083260217941,16.0
city,Kyiv,humidity,precip_mm,0.2524501345572721,0.4036761004439552,0.1284014776040081,0.2882323985313543,0.2524501345572718,0.0
city,Kyiv,wind_kph,air_quality_PM2.5,-0.2282637053106574,-0.2178396865467994,0.0,0.2100868202628814,-0.2282637053106572,0.0
city,Kyiv,wind_kph,air_quality_PM10,-0.1860669396287534,-0.2084940818866398,0.0607158619231746,0.2028313800280161,-0.1860669396287532,0.0
city,Kyiv,visibility_km,air_quality_PM2.5,-0.0085358949400732,0.0440563146464863,0.0,0.0543424695812783,0.0523032258005644,18.0
city,Kyiv,visibility_km,air_quality_PM10,0.0088712036751931,0.0677260788026673,0.0436209877387316,0.0669526123834697,0.0623056485796231,18.0
city,Kyiv,air_quality_PM2.5,air_quality_PM10,0.948454138212014,0.984155120728634,2.0106876147575807,0.9757835597150102,0.9484541382120124,0.0
city,Accra,temperature_celsius,humidity,-0.7240737545682255,-0.7266579969843895,0.7157758565883343,0.7226118283213568,-0.7240737545682271,0.0
city,Accra,temperature_celsius,pressure_mb,-0.3195970204374254,-0.3180211502575642,0.1776824624133128,0.3497695099939097,-0.3195970204373958,0.0
city,Accra,temperature_celsius,air_quality_PM2.5,0.3109289800777954,0.194457403528331,0.2343481676903058,0.3896090173291061,0.3522348780723886,13.0
city,Accra,humidity,precip_mm,0.0407437093619519,0.0747982187579576,0.0218905348225648,0.0785055054658903,-0.0821551537591003,-29.0
city,Accra,wind_kph,air_quality_PM2.5,-0.3944981286753793,-0.4423480221225334,0.166064610458184,0.4176111071566965,-0.4004602527070717,-27.0
city,Accra,wind_kph,air_quality_PM10,-0.3405488849954316,-0.3961143605533038,0.1436003003194681,0.3606509404506235,-0.3795711368972896,-27.0
city,Accra,visibility_km,air_quality_PM2.5,-0.3636763851914592,-0.4868929391625816,0.1900783874968499,0.4941781402188699,-0.4772415257603709,9.0
city,Accra,visibility_km,air_quality_PM10,-0.3324321658796332,-0.4538090695740497,0.1179982971007933,0.4576810670726609,-0.4374306623744208,9.0
city,Accra,air_quality_PM2.5,air_quality_PM10,0.9691746711840704,0.9531437486032918,1.443802878759627,0.9387041496911492,0.9691746711840694,0.0
city,Kabul,temperature_celsius,humidity,-0.6476751064631903,-0.6459272522058862,0.4422353990633421,0.6352121848943089,-0.6476751064631904,0.0
city,Kabul,temperature_celsius,pressure_mb,-0.917451637370892,-0.9298493329942974,1.037062982251672,0.9098706069932694,-0.9174516373708904,0.0
city,Kabul,temperature_celsius,air_quality_PM2.5,0.1414414065410221,0.1347031058981565,0.1139399322661582,0.1905866785506853,0.2044777198983233,-30.0
city,Kabul,humidity,precip_mm,0.3183749354618924,0.4658035430719172,0.1653464949984249,0.4332591102505345,0.318374935461892,0.0
city,Kabul,wind_kph,air_quality_PM2.5,-0.1372548361991972,-0.0776265813025465,0.0521024907471012,0.2146312904626122,-0.2306691298428647,30.0
city,Kabul,wind_kph,air_quality_PM10,0.0275077235443191,0.1395442330706888,0.0659138400302108,0.1449453125509814,0.1480512739547108,-26.0
city,Kabul,visibility_km,air_quality_PM2.5,-0.0089346388561264,0.0482983678895605,0.0,0.0527306139481395,0.0918521590173772,21.0
city,Kabul,visibility_km,air_quality_PM10,0.0251088226187303,0.0500030896306073,0.0037605268658984,0.0447210431779426,0.1031353863885078,21.0
city,Kabul,air_quality_PM2.5,air_quality_PM10,0.7622324826884496,0.857934208364819,0.8112675292739131,0.7789975538638164,0.7622324826884498,0.0
city,Valletta,temperature_celsius,humidity,-0.7079110128023267,-0.678095867162105,0.9673654411407252,0.6562356539321389,-0.7079110128023274,0.0
city,Valletta,temperature_celsius,pressure_mb,-0.1146057704296501,-0.1458305310932173,0.2011639662474418,0.3252108456454358,-0.1763261922483524,30.0
city,Valletta,temperature_celsius,air_quality_PM2.5,0.3373444016786709,0.5256435728857521,0.1921780642918427,0.4349007972577317,0.379610315802634,27.0
city,Valletta,humidity,precip_mm,0.173582955364157,0.3217185173436669,0.0686855603700538,0.2467146080627618,0.1735829553641571,0.0
city,Valletta,wind_kph,air_quality_PM2.5,-0.1804800370596357,-0.3183700308106565,0.0465424329906314,0.258438026175922,-0.1973109989874321,26.0
city,Valletta,wind_kph,air_quality_PM10,-0.0408581761834595,-0.0646357752725421,0.0074862404106719,0.0886436989089146,-0.1427134585934558,26.0
city,Valletta,visibility_km,air_quality_PM2.5,-0.1679372629905393,-0.1074445921270644,0.0,0.1945250740302286,-0.1799953708248466,1.0
city,Valletta,visibility_km,air_quality_PM10,-0.2536038772525791,-0.1292789364231923,0.0013534849249658,0.2449626750964582,-0.3118251263660127,1.0
city,Valletta,air_quality_PM2.5,air_quality_PM10,0.8237570497271147,0.8544977634726243,0.8049919245951749,0.8535407363710028,0.8237570497271158,0.0
city,Warsaw,temperature_celsius,humidity,-0.658880634365469,-0.6543487927930898,0.5899149546934845,0.6437566129432053,-0.6588806343654677,0.0
city,Warsaw,temperature_celsius,pressure_mb,-0.1738098065772063,-0.2061062301446198,0.1138577282346258,0.2786946827675748,-0.1738098065772085,0.0
city,Warsaw,temperature_celsius,air_quality_PM2.5,-0.417012347559461,-0.5214002307278357,0.288471244393913,0.4731907944124137,-0.4648076007470064,18.0
city,Warsaw,humidity,precip_mm,0.1425103157967959,0.3082625281616524,0.0472609743644145,0.208696169330475,0.1425103157967957,0.0
city,Warsaw,wind_kph,air_quality_PM2.5,-0.425922637074374,-0.4261989164438713,0.2047812230096952,0.4379486306216538,-0.4259226370743744,0.0
city,Warsaw,wind_kph,air_quality_PM10,-0.4285907856013377,-0.4213955716100576,0.2107345016243731,0.4367604051841228,-0.4285907856013384,0.0
city,Warsaw,visibility_km,air_quality_PM2.5,-0.3959020111766408,-0.367257900997282,0.0957648412346612,0.4023480013091669,-0.3959020111766393,0.0
city,Warsaw,visibility_km,air_quality_PM10,-0.3897934691005598,-0.3452463879919719,0.060499303832427,0.3824248435691382,-0.3897934691005588,0.0
city,Warsaw,air_quality_PM2.5,air_quality_PM10,0.9920783995596568,0.9874541390975892,2.183233144978515,0.9865485571121944,0.992078399559656,0.0
