city_index,country,location_name,MSE,MAE,RMSE,SMAPE_%,R2
0,Afghanistan,Kabul,21.438738362655275,3.737268263846636,4.630198523028497,58.77084705294598,0.44684552964959146
1,Thailand,Nan,3.7168243232058376,1.4387116432189941,1.9279067205665936,4.52999091784221,0.7093960551460877
2,Vatican City,Vatican City,9.373836738840645,2.249113075137138,3.061672212834131,28.706662169867634,0.22115305849507416
3,Japan,Tokyo,10.364083317943745,2.604349140152335,3.2193296379749223,22.055754666253762,0.5843761996607773
4,Jordan,Amman,7.677072908813714,2.1035956525802613,2.770753130254248,20.38515675803526,0.24447561442002175
5,Iraq,Baghdad,6.9537738618127625,1.9620031690597535,2.6370009218452624,15.448646336658186,0.688326587227496
6,Burundi,Bujumbura,1.9867890278593767,1.0852114677429199,1.4095350395997173,4.750598918321084,-0.05583902460255685
7,Ukraine,Kyiv,29.126580824653345,4.098195076212287,5.3969047448193255,89.24786485560631,0.6124541423826306
8,Uzbekistan,Tashkent,25.557437435854943,3.8215702667832376,5.055436423876276,43.11536268346002,0.4705098238751245
9,Malta,Valletta,3.6720520198270425,1.54783016204834,1.9162599040388657,11.57186041231627,0.2642916356501994
10,Ghana,Accra,1.7866495350652623,1.0963014411926268,1.3366561020192376,4.12853084795016,-0.33857591930806996
11,Poland,Warsaw,21.342405030710434,3.3250388222932816,4.619784089187549,89.41787026450793,0.5443778989421024
12,Fiji Islands,Suva,3.200655709013081,1.4482698822021485,1.7890376488528912,5.251684525080357,0.018062399717327482
13,Equatorial Guinea,Malabo,1.0265742766104085,0.7733780288696289,1.0132000180667233,3.045640087264348,-0.024427116639941016
14,Eritrea,Asmara,4.018547746579361,1.4979255962371827,2.0046315737759297,8.675639289492864,0.27589288844585125
15,Chad,N'djamena,13.069695923058061,2.8509098625183107,3.6152034414480827,12.257025815169847,0.23165735936300746
16,Senegal,Dakar,5.868993031995705,2.2152345275878904,2.42260046891676,10.871824531308937,-2.568766998389254
17,Marshall Islands,Majuro,1.1915261050765913,0.8018165397644043,1.0915704764588456,2.8130543572464983,-0.06785659902247088
18,Malawi,Lilongwe,1.8105691940128963,1.0767483711242676,1.345573927368131,5.1272706675064565,0.17259522751512424
19,Mozambique,Maputo,7.552059026219504,2.3223781204223632,2.7481009854478606,9.200324619682647,-0.5910674463239698
20,United Arab Emirates,Abu Dhabi,5.727277410131901,1.8872638511657716,2.3931730840313037,7.683047778289791,0.11243317539271624
21,Vanuatu,Port Vila,1.8305663443385491,1.0582381629943847,1.3529842365447386,3.722657736150583,0.184609923353654
22,Italy,Rome,9.75234270841918,2.324691578745842,3.1228741102419066,29.64862715739946,0.19289339458060306
23,Kenya,Nairobi,1.3588340983752278,0.9011990356445313,1.1656903955919118,4.63766237131799,0.23155515486669864
24,Uganda,Kampala,3.270320082546095,1.391052131652832,1.8084026328630731,6.200503109605862,0.16823753028357402
25,Bosnia and Herzegovina,Sarajevo,13.765093943246438,2.715757337361574,3.710133952197203,96.65487301610565,0.3668977242489222
26,Angola,Luanda,0.7027042581323257,0.6759538841247559,0.838274572042076,2.6087899641229857,-0.3008731213329432
27,Sri Lanka,Colombo,1.0958381133428703,0.7108294868469238,1.04682286626863,2.292719311162699,0.4583102835274584
28,Spain,Madrid,7.091722209416071,2.189928385466337,2.663028766163834,38.850568493694034,0.21422502890706907
29,Andorra,Andorra La Vella,15.535821145909445,3.1326687094569206,3.9415506017187507,131.43493031179125,-0.1295259950038936
30,Zambia,Lusaka,2.3317421942021976,1.2260939216613769,1.5270043202958523,6.253169274980654,-0.13202347891826438
31,Switzerland,Bern,7.926761579807723,2.3339577440917494,2.8154505109853596,113.0124721696396,0.3879740761755638
32,South Africa,Pretoria,3.729157891827035,1.4814348030090332,1.9311027657343964,7.772281491896909,0.32276067640244244
33,Hungary,Budapest,15.390672386909646,2.990586059838533,3.923094746104107,91.35121610817852,0.512012561682308
34,Rwanda,Kigali,2.6625163050049014,1.3523316955566407,1.6317218834730696,6.795089453110234,0.18429195751118788
35,Papua New Guinea,Port Moresby,2.0954793903628888,1.145033721923828,1.4475770757935098,4.146223407013349,0.12525213428888204
36,Oman,Muscat,4.972128758683939,1.6400037956237794,2.2298270692329347,6.037780858807149,0.4749342832443473
37,Niger,Niamey,4.122039546349188,1.5232890701293946,2.0302806570396092,6.396739955331261,0.6571018040606944
38,Nigeria,Abuja,2.530844587547981,1.2494947814941406,1.5908628437260017,5.14756694088972,0.34536918230737235
39,Namibia,Windhoek,4.239753280932791,1.6109799671173095,2.059066118640388,8.824285012938555,0.7060299902322269
40,Netherlands,Amsterdam,9.519846616653798,2.400640494376421,3.085424868094149,60.38753702721586,0.230902123739
41,Cyprus,Nicosia,4.9777664476311205,1.714060525894165,2.2310908649427796,12.55406136409528,0.33637030710678584
42,Serbia,Belgrade,10.74615292699656,2.5135912228375674,3.2781325365208405,67.98510779307891,0.5171917491366906
43,Indonesia,Jakarta,3.899699088404741,1.4138774108886718,1.9747655780888882,4.834954369733366,0.2282749672140939
44,Cape Verde,Praia,1.8306812579077087,0.9906047821044922,1.3530267025848783,4.818154717528337,-0.08890653352260092
45,Solomon Islands,Honiara,5.1927034105114585,1.7605680465698241,2.2787504054879415,6.118472952904966,-0.19562832310781086
46,Slovakia,Bratislava,9.777396007325116,2.453878871127963,3.126882793985908,77.15251407048608,0.5673216813037455
47,Singapore,Singapore,3.53176125926253,1.229989070892334,1.8792980762142364,4.048431714396164,-0.0032342394816862186
48,Slovenia,Ljubljana,11.248982887904218,2.4366113797575237,3.353950340703365,82.85659227371067,0.4619310555289049
49,Germany,Berlin,16.76728373907832,3.099166990965605,4.09478738630937,100.97780410188295,0.4371305509217269
50,Finland,Helsinki,40.067133695065216,4.39057751968503,6.329860479905163,88.9519865154006,0.42272115873237415
51,Russia,Moscow,28.471093808553533,4.259295501187443,5.335831126315144,88.35634792944833,0.6402313086263166
52,Madagascar,Antananarivo,2.2796047210149117,1.1759566497802734,1.5098359914291724,5.15418120013281,0.2716554963251744
53,Burkina Faso,Ouagadougou,6.016300035102213,1.9441264533996583,2.452814716830893,8.179668864871108,0.558150142135327
54,Armenia,Yerevan,11.74460210364701,2.700007305666804,3.4270398456462408,78.14793237820055,0.5807983941966455
55,Tuvalu,Funafuti,1.3022202840540922,0.8515903282165528,1.1411486686904964,2.9480227507262637,0.06279668986450793
56,Yemen,Sanaa,5.258875920991176,1.8869549560546874,2.293223914272476,10.867860566313935,-0.36932917286840317
57,Austria,Vienna,11.432842593187265,2.607849238738418,3.3812486736688365,82.75773354794896,0.5316600040016612
58,Botswana,Gaborone,3.558152376599701,1.4291952323913575,1.8863065436454651,7.079721446127501,0.4840573813430109
59,Bahrain,Manama,3.308029659682106,1.430203037261963,1.8187989607656219,6.930653757996969,0.3956717830659664
60,Tanzania,Dodoma,2.1268313368308736,1.0695444107055665,1.4583659817860788,5.000509212021948,0.1751595361215762
61,Turkmenistan,Ashgabat,31.34907878169371,4.222094261050224,5.599024806311695,42.63966279071226,0.42090320442732976
62,Syria,Damascus,12.599340419148762,2.663843860253692,3.549554960716732,36.381956966496006,0.3570241707654461
63,Thailand,Bangkok,3.4001924263717593,1.4799677848815918,1.8439610696464714,4.416767945980192,0.4676855735156116
64,Albania,Tirana,8.00816601305556,2.235064537152648,2.829870317356532,30.83693126308318,0.4085827303315601
65,Australia,Canberra,32.33547084357933,4.008587417602539,5.686428654575676,15.9174445466717,0.08672485775855565
66,Azerbaijan,Baku,6.900417726847106,1.9860681986808777,2.6268646190557874,25.853052065523908,0.5160298030186683
67,Bangladesh,Dhaka,4.418403442368108,1.4348415565490722,2.1019998673568248,4.64465965532955,0.6650866208719949
68,Belgium,Brussels,12.208565388640505,2.76704067774117,3.494075755996213,65.62211652652853,-0.019104094277410333
69,Gabon,Libreville,1.0989061313153798,0.832099266052246,1.0482872370278005,3.2594745762117787,-0.13930699826274973
70,Guinea,Conakry,1.0003287588572494,0.8172485160827637,1.0001643659205468,3.2742333494828952,-0.039390249280843115
71,France,Paris,10.303853722331375,2.558140110000968,3.2099616387632075,45.46799387671022,-0.22990611406852857
72,Portugal,Lisbon,5.027354799159957,1.7869491004943847,2.2421763532692864,16.010907566614993,-0.07809028448837929
73,New Zealand,Wellington,4.712899522920179,1.6465960884094237,2.1709213534626675,9.462182631191894,-0.06978634540829298
74,Mongolia,Ulaanbaatar,27.237916606126547,3.9480836226046083,5.218995746896767,65.32992676868909,0.7342920792174399
75,Nepal,Kathmandu,3.3807906732502944,1.3718968296051026,1.8386926532866483,6.61368009182645,0.6671210473535533
76,Indonesia,Laos,2.214878798899663,1.0536382293701172,1.4882468877507062,3.761339977081891,0.06785116871599406
77,Guinea-Bissau,Bissau,1.2330880686080854,0.822455883026123,1.1104449867544477,3.937077230602399,0.5377579069160643
78,Central African Republic,Bangui,1.8545474570074294,1.0779219055175782,1.3618177032949121,4.49822686913363,0.07621081882072667
79,Saudi Arabia,Riyadh,11.96066888311668,2.5401677083969116,3.458419998079568,13.694388588862177,0.5168073504430567
80,Sweden,Stockholm,22.210922767155452,3.1415880677103996,4.712846567325893,91.29332160950933,0.32617141836263985
81,Saint Lucia,Castries,0.5126969490260308,0.5929207420349121,0.7160285951175629,2.282832787610589,-0.11836105497619598
82,Iran,Tehran,13.332190535496872,2.905736925303936,3.651327229309484,30.53664351252679,0.3174018566485419
83,Israel,Jerusalem,11.891144493469213,2.688864789009094,3.4483538817048944,19.941390838283965,-0.11074273195904216
84,Lithuania,Vilnius,31.24091086317264,4.215909898132086,5.589356927516138,91.16505886383926,0.5882020068810725
85,Liechtenstein,Vaduz,15.312982636851483,3.00736701361835,3.913180629213464,137.98888122301184,0.04889937802872535
86,Vietnam,Hanoi,12.005505826586077,2.5050281429290773,3.4648962216184884,10.587583056769901,0.46841302099983384
87,Belarus,Minsk,45.70071204221963,4.99409977376461,6.760230176718809,95.7218599463785,0.5433396197517789
88,Benin,Porto-Novo,1.5546017799393668,0.9901945304870605,1.2468367094128112,3.6332010623730393,0.1512380363627821
89,Kyrghyzstan,Bishkek,33.44917268411782,4.4607628146559,5.783525973324389,70.48629444439496,0.40810741954199914
90,Lebanon,Beirut,4.745423360625236,1.694336061477661,2.178399265659359,10.682346789107768,-0.03501334282538582
91,Liberia,Monrovia,0.6203047881698148,0.5987530517578125,0.7875943043025482,2.476071936538069,-0.023801414403059606
92,Mali,Bamako,6.27926639713577,1.9581735134124756,2.505846443247425,8.47177293466539,0.5492206197220251
93,Kiribati,Tarawa,0.542965548559223,0.6445757293701172,0.7368619603149718,2.272885499161041,-1.6347837915570422
94,Kazakhstan,Astana,38.25549517838914,4.615247676074505,6.185102681313314,68.43548725901044,0.7102156624817553
95,Bulgaria,Sofia,6.470064432715126,2.003016149699688,2.5436321339209265,85.12938355140172,0.5995994256211454
96,Uruguay,Montevideo,9.239286914222703,2.366604232788086,3.039619534452084,12.448719555545335,-0.1296834610637969
97,Mauritania,Nouakchott,6.857675149069164,2.285609035491943,2.61871631702809,11.732492577441977,-0.807515306967505
98,Mauritius,Port Louis,1.272121140170966,0.8370795249938965,1.1278834781000058,2.88980087419651,-0.2477896807385851
99,Malaysia,Kuala Lumpur,3.4083671473733195,1.4080841255187988,1.8461763586866016,4.356751128172689,-0.0793023233299619
100,Denmark,Copenhagen,5.891916064734579,1.6425895005464555,2.4273269381635796,75.40547489078881,0.4808249154712698
101,Zimbabwe,Harare,2.045843949023665,1.1200015354156494,1.4303300140260167,6.05639647191056,0.3675547708913891
102,Tajikistan,Dushanbe,24.410568099431913,3.8207565864175557,4.940705222883866,36.86807710367447,0.39915067772354407
103,Algeria,Algiers,19.76965557987652,3.326021798849106,4.4463080842285905,32.58180722211456,-0.03428228930396782
104,Argentina,Buenos Aires,11.221163783206375,2.447756595611572,3.3498005587208284,12.828679230899354,0.11122842095462271
105,South Korea,Seoul,17.372546276701765,3.2598618065565823,4.168038660653445,63.01013030227786,0.7488874108443787
106,Egypt,Cairo,6.730019269769882,1.9891804790496825,2.594228068187121,11.70710610884258,0.22373423369232326
107,Sudan,Juba,13.54410641900704,2.604790439605713,3.6802318431054095,11.173663541471523,0.21915280953620075
108,Djibouti,Djibouti,0.9422165787202903,0.7860234642028808,0.9706784115866028,2.983082143417464,0.6308407858788065
109,Swaziland,Mbabane,6.317561959002714,1.937785768508911,2.5134760709031454,9.771627214566733,0.3095684638554348
110,Sudan,Khartoum,12.088927186820838,2.547577838897705,3.476913456906979,9.938251479094813,0.2359523411926523
111,Seychelles Islands,Victoria,1.9640894399488389,0.9698218727111816,1.401459753239043,3.2671046519142495,-0.06577502885915387
112,Somalia,Mogadishu,0.856651710708793,0.7573670768737792,0.9255548123740662,2.6274953042417892,0.4659208551766699
113,Montenegro,Podgorica,9.278420794132428,2.3883454144001006,3.04605003145589,32.301362708394834,0.47624222581498254
114,North Korea,Pyongyang,22.283821737736663,3.8150644482672216,4.72057430168583,66.29491862529788,0.756576690063554
115,Norway,Oslo,28.854705396319424,4.353074773624539,5.371657602297398,130.1601061586864,0.05251397172768624
116,Pakistan,Islamabad,13.951926142415969,2.749902772903442,3.7352277229662945,13.083347803915913,0.4049024467962197
117,Romania,Bucharest,13.474139975257124,2.860597536787391,3.670713823666607,88.91396701130321,0.5852922941044094
118,Qatar,Doha,5.337443813869759,1.8516793823242188,2.3102908504925863,7.994780301283876,0.45569052288484535
119,Saint Kitts and Nevis,Basseterre,1.1881302667786804,0.7649420166015625,1.09001388375501,3.1024563376339422,-0.2793493497957902
120,Philippines,Manila,2.1381015085257604,1.1638776969909668,1.4622248488265273,3.686648156060996,0.5979931347269516
121,Estonia,Tallinn,16.761285026426798,2.9960724525153637,4.094054839206089,80.46393489746875,0.6593807699302596
122,Ethiopia,Addis Ababa,14.95278880101263,3.6085349464416505,3.8668836032408103,19.204599108727457,-7.568092994533744
123,Democratic Republic of Congo,Kinshasa,2.103668540955514,1.2677305793762208,1.4504028891847651,5.398501838242908,-1.2992656992589011
124,Czech Republic,Prague,10.463858800962644,2.582283638343215,3.2347888340605238,107.46609608667272,0.4639924825827878
125,Congo,Brazzaville,0.8395162033581801,0.7283773994445801,0.9162511682711134,3.0521238048081107,0.10734948026962976
126,Comoros,Moroni,3.728959205653373,1.6423387908935547,1.9310513213411427,5.754949770097465,0.1145146830732583
127,Canada,Ottawa,38.99003789267044,4.449730754569173,6.244200340529638,85.7811570999247,0.41352858280018434
128,India,New Delhi,13.439971637344515,2.746090221405029,3.6660566876883554,11.92839981708933,0.6798220679897145
129,Venezuela,Caracas,10.721483156736685,2.935497646331787,3.2743675964583887,14.965134105360498,0.21587587471623282
130,Ireland,Dublin,11.594635641492275,2.7549376031011343,3.405089667173579,53.639643643449865,-0.03879885593002008
131,Lesotho,Maseru,5.142425264238318,1.7301299858093262,2.2676916157710503,8.850974143594659,0.5920417824023214
132,Latvia,Riga,27.541032383424444,3.6997299325466155,5.247955066825977,88.69451095969826,0.6187278173482712
133,Micronesia,Palikir,2.9395764030254212,1.3414931106567383,1.7145192921123464,4.612850901165451,0.03572229070733468
134,Morocco,Rabat,14.029605106493024,2.916217522621155,3.7456114462785677,26.31077791208261,-0.5121765683689512
135,Luxembourg,Luxembourg,10.76927541591993,2.6019543478637934,3.2816574190369003,84.38348063207798,0.08585467690318871
136,Kuwait,Kuwait City,5.026708023702777,1.701672592163086,2.2420321192397705,9.7954600899968,0.677767087641467
137,Turkey,Yaren,14.414384349634801,2.953479803353548,3.7966280236065795,55.68705652044839,-0.045872937475295084
138,Turkey,Ankara,9.135930804361953,2.4604042631387713,3.0225702315019833,66.54103999865792,0.43684190172738
139,Tunisia,Tunis,7.468197766310964,1.9719347381591796,2.7328003524427036,16.524189564921148,0.009480217891829401
140,United Kingdom,London,12.67125787723412,2.923101933449507,3.559671034974176,54.86397598946081,-0.5285684381412323
141,Brunei Darussalam,Bandar Seri Begawan,1.775221181909692,0.881121997833252,1.332374264953242,2.9575077202145246,0.35435487468683735
142,Bhutan,Thimphu,8.004679705753393,2.199758093357086,2.829254266720012,20.758790155471516,-0.023658883992168978
143,Cambodia,Phnom Penh,9.939330210281696,2.8210511779785157,3.152670330098232,8.348557600057173,-0.17964386691783862
144,Barbados,Bridgetown,0.4301371170902712,0.5282689666748047,0.6558483948979911,2.062744267503709,-0.1417229605947281
145,Timor-Leste,Dili,0.49298714200507676,0.4906647872924805,0.7021304309065921,1.826906950822945,0.2723436440686692
146,Tonga,Nuku`Aloia,5.254451633343997,1.9714237976074218,2.2922590676762513,7.296468480269677,-1.5038893427297904
147,Trinidad and Tobago,Port Of Spain,0.6871315874263746,0.6939556312561035,0.8289340066774764,2.9249767514261915,0.12819487250429784
148,Monaco,Monaco,5.211524632567983,1.6859601640701294,2.282876394500583,15.59802229026718,0.4257883045573002
149,Panama,Panama City,2.525301102265985,1.1421745109558106,1.5891195997362768,4.658863402438658,-0.06552966019704454
150,Chile,Santiago,4.036522720178909,1.4746256637573243,2.009109932327972,9.380025502530142,0.32792669466098967
151,China,Beijing,23.18940050649861,3.5479402024298907,4.815537405783347,48.796379491900026,0.6504384632202448
152,Dominican Republic,Santo Domingo,1.2136614794573688,0.7879093933105469,1.1016630516892942,3.5664569827271912,0.05659921800031975
153,Croatia,Zagreb,10.351443146815786,2.4411120876669883,3.2173658708352995,70.65656085614981,0.4888796930342526
154,Georgia,Tbilisi,11.246629936360291,2.570849770233035,3.353599549194908,42.87717188609189,0.37297647232503417
155,Haiti,Port-Au-Prince,2.3589507827941727,1.1771483135223388,1.5358876204964258,6.0397488971112265,0.1297517265219309
156,Gambia,Banjul,1.7871895039815717,1.035185661315918,1.3368580717419376,4.930243095308275,0.12301314722486179
157,Saint Vincent and the Grenadines,Kingstown,0.4607155709554354,0.5263240814208985,0.6787603192257451,2.0199716311472335,-0.2512001802388819
158,Sierra Leone,Freetown,1.013024864361214,0.7986239624023438,1.0064913632819776,3.192183864226159,0.15768263333207067
159,Suriname,Paramaribo,0.9212470602411122,0.7318620872497559,0.9598161596061572,3.12499692090502,-0.023231578467843406
160,San Marino,San Marino,8.609244314843961,2.3859212028980257,2.9341513789925635,30.57604932502284,0.27969925879159496
161,Antigua and Barbuda,Saint John's,1.4240871923564555,0.853122444152832,1.1933512443352357,3.4831262765504865,-0.6514238054818511
162,Dominica,Roseau,0.2303539055010333,0.3638720321655273,0.47995198249515886,1.44957050015575,-1.1858534737741024
163,Cuba,Havana,11.143066752746309,2.341426658630371,3.338123238100461,12.833073667261516,0.008110721211443295
164,Guyana,Georgetown,0.6448258294170591,0.621518611907959,0.8030104790207031,2.6101845618629023,0.23405987520115656
165,Greece,Athens,6.553817125661478,1.9768828344345093,2.5600424070045165,17.229395982511882,0.4529269440725634
166,Belize,Belmopan,4.141774169507153,1.4130195045471192,2.035134926609819,7.825952165869919,0.12281675788102797
167,Brazil,Bras,0.36081426186290627,0.45779075622558596,0.6006781682922281,2.0071825099791925,-0.010752354584593782
168,Bolivia,National,0.8700778148103927,0.6566469764709473,0.9327796174930029,2.9037965048163596,-0.19341782030335342
169,Bahamas,Nassau,11.21275680928291,2.15164924621582,3.348545476663399,10.786351558404569,-0.044063907096421495
170,Mexico,Mexico City,7.315760116222973,2.203160057067871,2.7047661851300515,15.300627616203222,0.12900519883011086
171,Macedonia,Skopje,9.135901422384524,2.389710649549961,3.0225653710688416,63.09677052764003,0.572348914581011
172,Ecuador,Quito,0.7326721655589882,0.685192060470581,0.855962712715331,6.168106020010017,-0.2822044801486969
173,Grenada,Saint George's,0.6182456686383375,0.6035613250732422,0.7862859967202376,2.339866303474941,-0.031146863723322094
174,Honduras,Tegucigalpa,7.699692104634105,2.335145606994629,2.774831905653765,12.707289918473158,-0.4313368996050997
175,Peru,Lima,0.4142521780230527,0.5085077095031738,0.6436242522023643,2.307421046425771,0.39360933504976714
176,Bolivia,Sucre,0.822676190284019,0.6919486808776856,0.9070149890073587,5.356928753744435,-0.025581274450631852
177,Samoa,Apia,1.2095718463275262,0.8884202194213867,1.0998053674753212,3.228626489975432,0.038265935884241875
178,Nicaragua,Managua,1.7134083668831954,1.001342487335205,1.3089722559638899,3.9577682513571113,0.5814441244049391
179,Guatemala,Guatemala City,3.370386824799134,1.427202854156494,1.8358613304928928,9.294713015165986,0.3396902307615426
180,El Salvador,San Salvador,2.9740602943963315,1.3397864532470702,1.724546402505984,5.785228529729129,0.23512273350958546
181,United States of America,Washington Harbor,11.535546873506357,2.59526252143085,3.3964020482720176,41.467186309010415,0.026246468957869418
