0,1,2,3,4,5,6,7,8,9,10,11,12,13,14,15,16,17,18,19
17.51063,16.502827,16.52623,14.286613,16.700974,19.51565,19.199825,16.830421,19.644424,19.138752,18.511251,15.397171,17.482685,19.538557,19.427155,12.971936,12.198775,15.706287,18.27195,12.779459
33.307022,32.56891,33.17716,31.821545,32.79609,33.49829,32.75549,33.35998,34.440357,33.517906,32.82293,33.45903,34.577835,33.217335,33.007404,34.641533,32.724182,32.670887,33.251293,34.0203
14.156201,12.136387,14.123941,15.82139,14.593239,14.15672,12.544935,16.61973,16.094156,15.452116,14.663826,15.267912,17.566708,18.036493,17.518047,18.565144,16.902464,16.995485,18.810627,19.20259
19.485678,17.993174,17.989574,17.219475,18.187094,19.362146,14.9382925,15.045975,16.349642,18.550594,20.797222,21.315994,17.287548,15.9648075,13.719392,18.790768,19.055592,19.727571,20.715744,19.248125
19.366186,17.99331,16.006443,14.571153,14.662031,13.829431,14.1439705,14.41054,14.402376,15.579707,15.486704,14.846888,14.452329,14.843618,16.003096,18.042843,18.5337,16.896652,17.811014,16.711613
20.196228,19.059193,18.826155,18.720787,16.547234,15.553503,15.2145,16.221525,15.620922,16.17781,16.856403,16.587732,17.0791,17.605757,18.03452,17.840647,18.395351,18.430475,18.392447,18.980011
21.482645,21.123379,20.55748,19.369638,21.281397,21.609188,21.349915,20.333393,22.23722,22.563364,21.426374,22.095753,21.566387,20.953047,20.80441,20.570047,21.030521,20.94242,20.53695,22.463026
7.878496,6.1710663,6.348379,6.423278,6.4470744,7.3637714,7.7744102,8.970392,9.5611515,9.443942,7.784073,8.5083065,7.8921824,9.174314,9.094013,10.627376,11.355669,11.151029,10.591674,9.037485
21.24369,22.152542,22.830526,23.16943,23.97125,23.774857,24.492363,24.23429,24.354057,24.285002,21.281683,21.57461,23.047709,24.564402,25.276749,24.474993,19.684225,21.707047,22.913675,16.73555
16.287605,15.685782,15.450622,15.523737,15.984061,15.809596,15.0347595,16.476215,15.945947,15.672403,14.461199,15.247266,16.366043,16.803478,16.631905,17.052223,19.553984,19.682049,19.688414,19.844086
27.21926,26.228165,26.165678,26.62232,25.492025,26.156012,26.804676,25.769726,25.298403,26.087172,26.97399,24.396791,25.022938,24.78113,26.18387,25.528038,25.524994,25.867655,26.675314,26.769783
8.828555,8.978554,8.557372,0.9536754,5.1260552,9.0261,10.639254,11.311343,11.613603,11.10804,9.547548,9.14922,10.256838,9.13227,10.571817,10.45882,9.989746,10.302674,9.8864975,10.657583
27.475853,27.66314,27.86839,28.49547,29.272617,29.132128,29.528193,28.675846,28.46518,26.95932,27.734524,26.967627,27.525589,28.372963,25.552551,26.763382,24.703022,26.148048,28.224705,28.8029
25.805431,25.806112,24.809061,24.756413,25.847126,25.006525,24.13161,24.821207,25.251478,26.251474,25.153053,24.579275,25.289665,24.544783,25.12317,24.680056,25.989466,23.845793,25.597359,25.99279
21.321503,21.022049,18.90072,19.105276,19.386688,19.733727,20.07878,16.05235,16.288658,17.48431,18.29099,18.775976,18.742083,17.128035,18.908142,20.668364,21.697647,18.57004,18.55583,19.94159
25.127232,23.952688,22.551632,21.187798,21.295813,23.157549,23.957882,24.878078,23.867046,24.287992,23.215723,22.48661,22.459352,23.49602,23.4284,23.46456,22.526619,23.2624,24.14599,25.087793
18.616173,18.013872,18.377596,19.228748,17.613325,18.3693,19.189323,18.24472,18.401062,17.79541,18.546913,19.311054,18.853394,18.655262,20.160465,20.722696,21.99353,20.678001,16.80416,20.177896
28.75089,27.292164,27.347559,28.566221,28.25882,28.098783,29.605095,29.774721,28.89517,29.717443,29.571917,27.359762,29.23967,29.120901,28.239473,28.844454,29.16071,26.443386,29.309515,28.663363
18.24935,18.450329,19.709105,20.440874,20.844728,18.906061,18.531479,19.215801,19.987162,19.14263,19.300447,18.235079,18.364788,19.27088,18.218554,19.423147,18.713486,19.033512,19.459929,19.442972
24.200748,23.832947,22.747835,24.21774,23.613491,22.12949,23.191069,24.189224,24.217184,23.42293,23.70973,23.98487,24.026886,25.000004,21.107588,21.612455,22.848158,23.033674,21.099216,20.4404
24.188807,25.04922,26.513847,24.459913,22.537352,23.160362,24.969782,24.352419,23.426361,23.627453,23.02045,22.775774,23.257734,23.280567,23.366117,24.86077,24.35955,23.761408,23.63169,23.634125
27.753628,27.256535,29.144285,28.66785,28.361916,29.042519,28.52617,28.929007,28.355013,26.176949,28.025948,28.27838,27.754665,27.343918,27.661821,28.222158,29.484777,29.591848,29.517027,29.54528
14.328715,14.975382,15.7583685,14.637942,13.285927,12.174731,15.685015,14.816739,14.917398,15.017758,16.983707,17.881027,18.15402,17.725363,17.784685,16.822268,17.401676,18.844576,19.347479,18.86433
19.43898,18.086906,17.623545,18.011024,16.765732,17.223326,19.237188,17.608593,18.493195,18.047495,17.909925,18.806866,18.771881,19.344526,20.202694,19.945272,18.667194,19.354975,19.332111,20.037865
21.884916,20.048033,20.728767,22.641748,20.0481,20.27086,20.823734,20.242434,21.221735,22.42581,22.935759,22.361017,22.148071,21.67969,22.649073,20.128698,20.69554,21.933794,22.48733,22.402405
10.895406,11.798475,10.070427,13.102051,12.775164,10.289444,11.420826,10.304736,9.741444,10.651919,10.594297,10.030879,10.6552725,12.520516,13.139055,12.628318,13.806902,12.40426,13.5002365,15.182613
25.320864,24.622229,25.174286,25.293005,25.278536,25.648624,24.019066,24.900427,24.030043,24.746725,25.379309,25.078527,25.710798,25.32225,24.588266,24.973387,23.59652,22.92919,23.911446,24.811666
31.846977,31.448397,31.894526,31.289865,31.946072,32.31301,32.094166,32.09606,31.396917,31.01978,31.50001,31.895933,31.802261,31.540525,31.361002,30.88842,31.46397,32.056377,32.566284,31.816366
14.325152,14.6448555,12.709747,14.859449,13.475299,12.893002,13.618957,13.866614,15.413749,14.232986,12.65478,13.708307,15.712992,16.098116,14.552699,15.509603,17.089857,17.214582,18.389164,18.091991
5.4951525,5.780271,6.059784,5.802758,6.0827394,7.9246855,6.9179373,6.0701456,6.561819,7.3777833,6.8052893,7.1028185,9.005619,7.838645,7.640836,9.708137,11.163226,13.842152,11.666075,11.439656
17.986807,16.084183,17.968616,18.48341,18.111683,16.530397,16.17078,17.542042,18.296555,17.857862,18.136244,18.114103,17.322521,17.642195,16.481167,16.243982,16.782196,17.121887,18.246342,17.000439
8.806487,8.2092705,8.75535,12.394384,10.451419,10.501851,11.502202,9.632631,8.978045,10.595973,11.406043,10.246848,9.413324,9.497925,9.649277,12.403975,12.570482,13.086449,13.810783,14.093272
16.536808,17.4836,18.289818,18.050726,16.748777,16.705696,16.27018,16.97006,16.917984,15.6135435,17.306934,18.713367,18.100105,17.377193,15.71695,16.434593,17.089659,17.819029,18.276794,15.254374
11.998367,13.515335,13.930362,14.4826355,12.800452,12.879183,15.1397295,14.595592,13.190698,13.404596,12.263201,11.708071,12.443616,13.283906,13.912388,14.425438,15.272052,16.547497,14.588168,14.77774
17.858603,17.008158,17.132158,18.643776,19.313194,18.307274,17.506702,18.40913,20.509954,17.87206,18.536842,19.660477,18.79719,19.936207,19.384125,19.131567,19.699696,18.613558,20.596256,20.298527
24.684454,26.899557,27.86947,26.026121,26.746473,26.18698,27.103075,28.236567,27.331842,25.742514,25.874018,23.897755,22.96618,26.364235,27.929203,25.20154,26.607656,27.734156,28.21055,28.05733
29.162125,27.924322,26.937012,28.06939,25.769608,28.003498,27.338478,24.117117,28.031754,26.52724,25.455545,25.6294,27.705273,28.304522,28.583738,27.759468,29.318815,30.026243,30.11738,29.608284
24.49314,24.027338,23.36708,23.525084,23.382345,22.140076,23.161966,24.354118,24.251558,21.383018,22.157192,23.410776,21.627975,18.779053,19.935024,21.71297,22.408867,21.991837,22.481724,24.64202
24.218746,24.478683,23.62312,21.412151,22.418465,22.579771,23.927217,25.18639,24.793573,23.151203,22.827032,21.963358,21.69581,22.891989,21.360218,23.412983,23.34294,24.336636,22.961458,22.94159
12.658826,16.103725,17.34496,16.819855,18.043924,17.217731,17.077229,17.400581,18.625057,16.349327,17.617722,17.676573,17.03357,17.284021,16.216658,15.0119095,14.631081,16.589417,17.44641,16.671892
11.199755,9.236147,8.867,9.548051,11.67057,12.777113,11.066984,9.149311,11.248011,9.865936,9.795534,10.877719,11.934529,12.25358,10.805855,12.543597,13.734768,13.449856,12.198359,12.602895
17.665993,15.931948,14.961174,14.671591,15.15954,14.60749,15.650804,17.66139,17.36139,15.957808,15.54653,16.653534,17.042793,17.238562,18.427996,17.360096,17.270172,18.47782,17.909807,18.048546
12.179262,13.183384,14.643235,13.532546,14.516478,14.036055,16.038113,14.643457,14.0492525,13.855619,14.407244,12.839447,13.399242,13.721979,13.9667,15.90148,17.297594,17.205706,17.551268,17.041534
30.272066,28.047096,28.177055,29.105394,27.352152,28.282486,26.435762,27.020557,26.804123,28.784101,27.321146,27.9301,29.11523,29.966839,30.140568,29.521635,29.551329,25.57692,27.770182,29.557093
18.631792,19.435753,19.845783,19.024343,18.21453,19.144648,19.259287,18.953154,19.59784,20.292131,19.721882,19.883055,20.504545,21.168917,21.441076,21.695227,22.467428,19.412868,20.788404,20.44899
25.078178,27.189245,27.802166,26.172852,27.734331,29.25587,28.298983,29.497948,24.807005,25.47852,25.540773,26.134308,26.709633,28.510883,26.051115,26.027779,27.131998,28.96155,29.573933,28.031382
10.365268,10.346149,11.935494,10.5833,12.467114,12.864613,13.301005,12.2178135,11.17368,10.637051,11.618722,10.3818865,12.279467,12.667031,11.5617485,13.925013,14.752559,14.715033,14.427637,13.108421
32.24676,31.755964,31.84679,32.099648,31.608847,32.18097,32.17342,32.250618,31.993237,31.803259,31.657082,26.24884,29.500832,30.896477,31.952604,32.099186,31.747488,31.172497,29.02325,31.588327
11.60334,10.699976,10.942675,12.185142,11.012245,11.207805,11.488979,10.653362,11.220683,11.310591,13.457287,10.823045,10.533869,11.313695,11.936251,13.27574,14.9602,14.947926,15.399505,16.11347
8.371117,10.178547,7.7951202,7.5449967,10.197421,11.722406,11.087454,8.073612,8.927565,9.587209,10.387919,9.697533,8.532305,8.264722,8.666157,11.144753,7.0953274,10.5642605,10.502128,10.018492
7.0173907,6.7936273,7.126778,8.053916,7.238107,7.4487095,8.773809,7.7071457,6.7426233,6.511177,5.337747,6.276064,7.2406526,7.156717,6.890716,8.146157,9.083018,7.872033,7.6870317,7.940624
6.6621256,5.231063,6.7613306,8.083394,7.770086,8.406185,7.981969,8.558068,8.234545,9.498155,8.484181,8.223959,9.751135,9.96508,10.344918,10.768339,9.9470215,8.25115,8.772669,8.165145
21.923077,22.18382,21.846775,21.676546,20.894436,20.561312,21.948206,21.845602,22.649282,20.433283,19.30591,20.366991,20.992558,19.17422,20.075191,19.533907,18.523129,19.915741,19.994482,19.534548
25.238384,25.42716,24.755573,22.006886,19.993542,23.605299,26.314425,22.93317,24.706684,26.270742,24.225096,25.13704,24.295168,22.132256,21.80322,21.78355,23.443266,23.39401,23.177801,24.40347
14.542376,14.132893,15.482966,15.272827,15.70828,15.559075,16.33544,15.432341,16.145021,15.286523,14.813553,15.06055,16.011337,16.844044,16.232716,17.65988,16.645893,16.843922,17.106943,16.52974
28.49191,28.52655,28.633232,28.86699,28.077402,26.852135,28.166353,28.20968,27.550129,28.996437,29.453379,26.756596,28.031391,29.074453,27.78823,29.289648,29.607882,29.587448,29.405064,29.776255
21.51744,20.74997,20.73624,20.342636,21.538712,21.078415,22.147425,19.94788,20.366903,21.104805,21.839231,21.627705,22.520397,21.810467,20.608349,20.93089,22.21143,22.740156,22.073677,21.829264
9.929515,10.376038,10.015934,9.077284,11.821483,9.900678,11.831808,10.24758,9.910253,9.94848,12.280855,10.092228,11.805438,11.096094,10.75817,12.921953,14.475904,14.152578,15.193778,13.942829
16.792353,17.869028,17.658884,18.963427,17.717875,18.189323,18.215542,18.617271,18.63273,16.35627,18.823292,19.441212,19.143803,17.80307,17.17071,15.967915,15.697422,17.388313,18.581007,16.998272
22.206896,22.012844,21.589396,22.127876,21.458097,21.462345,22.09328,22.496527,21.273966,21.46336,21.066408,20.595045,21.342745,22.38449,22.091427,23.281204,22.85848,22.158798,22.28389,22.786596
19.1144,19.827866,19.014519,20.601053,18.634531,19.102823,20.648441,20.161354,20.600384,20.220652,19.760614,17.933113,20.334866,21.647799,21.543182,20.332687,20.981932,20.793474,18.70901,18.940666
21.666876,22.836641,25.264475,23.549612,21.928577,22.20601,23.587158,21.529438,21.21117,20.906677,21.826252,18.528715,18.248554,20.469507,22.87359,19.866526,20.50895,17.768763,19.471346,20.628515
16.11073,14.925489,13.851818,15.600306,15.157759,14.553092,15.349171,17.623562,16.470373,16.45059,16.7105,14.529173,16.84776,17.116812,16.938694,16.127525,15.924414,15.705191,14.514009,15.704601
32.58617,31.081799,33.072876,33.227688,32.829407,33.24964,34.05538,33.028477,32.219078,32.02328,32.946213,33.42656,33.97415,33.592876,33.20692,35.1111,34.94057,34.825703,35.457962,35.831516
14.596495,14.445674,14.615012,14.982202,14.656089,16.631878,15.393372,14.907062,15.102336,14.492085,14.450783,16.455406,17.636738,16.820955,17.008648,16.771866,18.15657,18.102621,18.061403,17.470991
17.361118,18.641645,21.686216,22.205954,19.587315,12.546526,21.81356,13.298508,15.265182,17.39024,18.66733,20.743729,22.502234,18.497948,15.830101,15.716471,16.615292,18.529446,20.225124,20.807924
15.978253,17.07579,16.732075,15.019336,16.140602,15.714993,14.67127,15.515851,16.060553,16.656832,16.664782,17.095106,17.135967,18.434788,16.247929,16.593243,17.014488,17.977224,18.226288,16.126827
32.775696,31.184454,32.46484,30.293447,31.057308,32.04646,32.089706,31.393827,30.766115,30.988976,30.9329,30.64255,31.099426,33.310238,32.915455,34.33565,34.271847,31.428804,30.932251,29.307755
8.23832,9.362973,9.22328,12.670088,15.548399,12.767969,9.215403,11.613083,11.372458,12.827831,9.757725,10.448268,12.542733,12.242527,13.342481,14.13727,12.966382,12.306945,14.078144,15.528221
25.295725,24.27082,22.832798,23.381529,24.137823,23.133944,24.02199,24.26864,24.391954,23.711924,24.546898,24.918058,24.117369,23.653515,24.389366,23.431356,24.205011,24.294315,24.469627,24.915834
24.39669,24.599836,24.962536,24.406128,24.125816,24.248938,24.385366,23.791126,24.118454,23.839783,24.23877,23.233152,24.087664,24.505922,25.313923,24.244184,24.108562,23.972206,24.4764,24.794176
11.0915,11.902636,11.917044,13.597403,16.350021,12.921857,11.381246,13.841977,12.9193945,15.142175,15.946255,14.392984,15.610969,13.033829,13.560991,16.541996,15.179259,15.488665,15.821094,16.491001
14.9646225,16.521088,16.118572,16.170912,14.533576,16.301958,17.58266,17.303602,17.48914,15.868924,17.144243,17.460503,17.435274,16.649193,15.781465,15.053173,17.354574,18.03708,15.141084,14.473465
13.492379,14.256815,15.720938,16.0462,14.121133,15.733869,16.841005,14.855799,16.248917,15.426092,12.592084,12.529244,14.016063,14.862161,16.115307,14.007772,15.456389,15.815,16.32439,16.256643
12.251295,15.002945,15.276023,12.0514765,13.192135,15.768096,16.735798,12.00658,12.233807,14.670326,12.804743,12.635655,13.710804,12.638702,12.87645,13.368842,15.398966,17.390833,17.605404,17.930368
25.981222,22.228333,22.775467,24.041883,23.319569,24.278849,24.48718,23.070608,22.123306,22.479431,23.979246,25.01804,25.813217,26.69887,27.461544,25.700323,26.101816,24.7671,23.246565,23.190134
27.462542,27.548231,26.572218,26.343212,25.33304,26.841106,28.061203,27.52161,28.770702,28.09147,27.442148,28.718649,28.295252,26.797815,28.420822,29.249512,26.978722,27.928524,27.901918,28.927322
22.020432,22.516844,21.401386,21.881582,21.76311,21.282873,21.041382,21.594902,22.259144,21.480896,21.60037,17.913248,20.433311,21.340042,21.29902,21.788239,22.016533,21.584675,22.282688,21.973679
23.836184,23.486282,23.22715,20.965788,21.498428,22.260801,21.104177,22.62655,23.313005,22.080378,19.909079,21.544426,22.673868,23.663906,21.657896,22.258091,20.754095,21.770042,23.56438,24.049774
22.393154,18.845282,20.535122,21.20203,20.798456,21.547438,18.441881,16.97515,19.088001,21.237707,20.50545,20.509218,20.593544,22.147661,26.731873,22.315207,21.46695,21.955065,22.2818,23.687733
8.6693735,8.691777,9.615512,10.6883335,10.200752,9.696572,9.847802,9.51237,9.9770775,9.251117,8.734961,8.920197,9.991398,9.433444,8.201089,8.673763,10.395972,10.628305,10.312014,9.10256
25.786394,26.296642,25.227818,25.732824,25.985184,25.422636,26.303925,25.473824,26.024042,25.974327,26.13878,25.41951,26.123028,26.014544,26.156649,26.183895,26.660154,24.770147,26.560276,26.16171
18.509092,19.143505,20.87902,20.972181,18.55442,17.982277,17.391779,13.268147,15.296525,17.70476,18.297276,18.248241,18.210222,19.581419,21.386002,19.009012,18.966995,18.267717,18.020233,18.29553
15.77747,15.46558,14.1532135,15.541326,15.316662,13.209511,14.8614,17.234531,16.866003,16.039127,14.578817,14.797338,16.323195,17.457943,17.588818,16.959797,17.471996,16.335114,16.153944,16.438421
6.3379393,5.3696823,5.5385084,6.214774,7.874076,9.658512,8.178543,7.8956923,7.939927,8.185548,7.4979835,7.475664,8.273564,6.909496,6.5693016,7.272569,7.8402586,7.3329916,9.370104,7.725814
9.682251,8.994635,9.651425,9.72826,9.371127,8.748351,10.5900345,0.6139331,9.025836,9.684822,8.967468,9.591138,9.123327,9.688901,9.927598,12.322563,13.384386,13.3707695,14.070806,14.470673
24.496399,25.19755,24.96891,25.573982,24.9027,25.545189,26.83607,26.043652,26.303862,26.878927,26.247776,26.050589,24.381151,24.802097,26.41642,26.850735,26.988764,28.096237,28.576492,28.388702
-7.339929,-7.2933755,5.444097,6.9904265,-0.40098286,5.9439435,8.882721,10.07549,10.262827,11.402905,12.3600645,9.5864315,9.08679,8.037998,8.901126,9.527545,9.950732,8.280502,8.286749,7.8901787
27.842043,26.498184,26.860659,27.592003,27.637455,26.967009,27.789154,25.410946,23.61723,26.24582,26.47622,25.25207,27.237507,26.33852,26.829124,26.780561,27.544224,28.02643,28.313848,26.813143
19.60626,21.494457,23.30601,20.92886,21.74155,23.462904,23.173975,23.27766,22.823904,22.631336,23.468431,23.055761,22.934828,24.198618,23.936068,22.249376,23.026634,24.354116,22.387455,17.264563
16.59366,15.5350485,16.255938,15.829375,15.571307,14.698422,15.484498,17.166609,18.005442,15.692959,15.717609,17.647253,18.226576,17.667376,18.031633,17.325548,17.108591,17.153002,17.297012,17.898857
23.570822,23.58894,23.691381,23.874395,23.751516,23.263626,23.36807,22.525679,23.12243,23.515911,23.372965,22.632181,23.454844,22.671694,22.727705,22.996033,22.475014,23.553368,22.681875,23.717897
22.360748,24.32649,24.613111,22.119635,23.712828,24.896816,18.315346,22.225876,25.227287,22.509487,23.474314,23.07948,21.602407,21.321312,19.138233,20.329485,23.179525,23.891924,20.128603,20.616837
28.930178,28.455336,28.476948,28.899786,28.954319,29.148647,29.108175,29.25182,29.113916,29.07648,28.205833,28.900593,29.145334,28.16347,28.723356,29.215662,29.208965,29.238703,29.297024,29.397797
10.121155,9.688909,10.062392,10.586603,11.586987,10.952028,12.3371105,10.661722,7.4743004,9.894199,11.835556,10.647219,10.81818,11.176545,15.948983,13.404599,14.147013,15.537567,16.97477,13.17716
11.41065,13.553928,12.208455,12.6084385,12.175436,13.183958,14.812254,12.764769,12.303784,13.431741,12.327167,12.089752,13.962951,14.833537,14.856123,14.058354,15.056918,15.872536,15.706035,15.2397785
16.791914,15.155722,14.082147,12.878094,11.731784,12.810788,14.685948,16.860052,17.645172,18.105293,17.766409,17.634403,17.02333,15.00203,16.641722,15.437929,14.516162,15.475738,16.846014,14.1301775
18.518152,18.705662,17.880127,17.477364,16.951418,17.079912,17.417238,17.85218,18.991905,19.317991,19.760485,19.568134,20.7117,20.80487,20.95185,21.123201,20.83955,20.759705,21.103966,20.731426
28.458433,28.225138,28.894316,29.447987,28.277481,28.655308,28.760275,28.313534,28.236246,27.980509,28.854574,28.977737,29.25512,28.80034,28.259869,28.656897,27.850998,28.008602,27.611948,27.389938
32.154648,34.13722,33.642612,33.262844,33.665653,33.97825,33.819176,32.516552,31.910736,34.78028,34.172424,31.920639,34.164787,34.239326,34.141426,34.48115,32.429672,33.56781,34.41257,35.53344
7.6795726,6.551253,6.3951044,8.779945,10.301927,9.702601,8.808542,8.199236,8.502892,7.873628,9.002165,8.808949,8.930241,8.624505,9.738844,10.497117,10.051538,10.168013,10.107521,9.218515
17.147467,17.012745,16.40895,17.012774,16.425997,17.172548,18.017382,18.342636,18.156168,18.022709,17.175879,17.471327,15.931123,15.02045,15.883972,17.805374,18.127954,16.00358,16.039085,17.037104
22.195202,19.705902,20.168053,23.644083,22.685133,23.508152,26.662672,23.425386,19.745476,20.08626,23.84938,21.325443,20.036625,19.9279,21.180143,21.339052,20.657692,19.774078,12.56722,22.836832
14.463352,14.641726,12.802008,12.35132,12.797314,15.496622,12.70357,14.822665,17.957996,16.529783,16.274082,18.306063,18.146973,15.7851715,12.752585,15.893295,18.97811,22.446762,19.445427,20.554548
9.536557,12.879849,10.232826,11.548525,13.543705,16.427586,17.260904,18.034225,17.58249,17.822573,19.478098,17.902359,17.304167,14.106915,12.696095,14.054539,17.048313,14.721651,13.608135,12.325854
17.447691,20.383127,20.73722,19.788294,19.591455,17.597315,19.534472,19.557947,22.231882,20.464575,18.402441,17.465786,19.284494,19.72696,18.56982,21.139622,14.117964,15.497187,9.767638,13.383146
17.007744,17.701984,16.484108,15.419699,14.604958,15.857121,17.323631,18.129068,17.697073,17.199244,17.280003,19.542135,18.5686,18.616241,18.923918,18.812378,19.499084,17.929098,18.67672,19.891989
25.860153,25.22577,25.664862,26.211983,24.880783,23.740963,24.021994,25.298075,26.25367,26.74053,25.839035,24.969448,25.420643,24.6571,25.831215,25.824186,24.825218,26.010084,25.20858,24.617496
25.411161,24.421814,24.855284,25.369564,25.3976,25.506733,25.480053,25.495462,25.48088,26.03696,25.53904,25.597603,25.738499,26.150494,25.931395,25.991753,26.466482,26.692003,26.89444,26.618315
18.803772,19.044943,18.13039,17.081888,18.454384,19.63766,19.877176,19.180517,18.365952,18.42954,19.013674,18.819746,15.6452,16.718649,18.58989,18.9038,16.324512,15.534897,15.376356,17.911188
27.9344,26.956907,27.423557,28.15593,24.048347,22.184675,23.279684,25.213522,26.686157,27.328243,28.53513,27.162504,29.636053,29.379265,27.817854,27.451174,27.277256,27.848063,27.056433,26.548588
30.40957,29.920353,30.25561,30.19159,30.191227,30.424475,31.296366,30.488241,30.42209,30.757868,30.962652,31.017382,31.466639,31.319443,31.17899,29.990934,31.009773,30.531933,31.273743,31.181368
28.756317,28.624725,27.884825,28.060947,27.951262,28.424597,28.383816,28.554281,29.254072,28.957981,28.943636,28.187614,28.755928,28.82972,28.163837,28.593002,28.740917,29.027218,28.978941,28.69816
14.725719,16.382374,17.190987,16.171928,17.244545,15.7256565,14.551781,15.822464,16.271484,16.67941,17.486471,18.251007,18.260153,19.00606,17.88188,18.771168,17.746527,17.63175,18.91487,18.88084
17.007137,19.099655,19.903957,21.86729,19.348003,12.222517,18.07911,21.295776,20.352404,20.582815,19.500204,19.705847,19.332901,19.063425,18.479612,15.556091,16.63203,18.496311,12.165344,16.988657
6.881011,8.558514,9.47802,10.607508,10.679841,8.869631,7.7032857,7.249145,9.374673,8.904383,10.434752,8.981169,9.202698,8.839935,7.9528904,10.133082,10.798058,10.172539,11.662113,10.72473
24.59676,23.81135,24.634697,24.953993,22.565847,25.470081,25.584293,25.067719,24.521597,25.142126,25.351418,24.937147,19.181097,19.351992,22.39689,23.332266,23.23502,19.980835,20.16004,22.530724
14.572863,12.974899,13.006554,13.331668,12.716351,14.051342,14.930273,14.020424,14.900961,13.6690855,14.572304,12.955968,13.3119955,14.126147,14.983684,16.380373,16.008871,14.427753,14.646008,14.396721
25.356365,23.116009,21.548418,21.735895,23.156548,22.882484,22.611614,22.021917,22.081028,21.456417,22.037264,22.470984,23.288599,23.510199,23.682583,23.467886,23.687155,24.23347,23.763664,23.821268
25.476925,24.144733,24.41405,24.724169,24.505428,25.028746,25.25558,24.002256,24.50483,24.042881,24.69811,24.204165,24.51951,24.109943,24.837837,24.603888,24.272066,25.393723,24.748346,24.600912
31.822247,31.049232,30.840359,31.313612,31.149862,31.311443,32.288166,30.717154,31.036812,31.773394,31.285011,30.292273,31.732296,32.66183,32.73032,34.143135,34.077137,32.96319,32.84109,33.24245
6.148209,5.3142943,5.234628,7.052581,7.9795036,5.1308274,4.7048526,3.0019639,3.7870097,6.509936,2.1062856,4.369029,6.4650955,6.0000215,5.9550786,7.177031,6.1544814,5.8171186,6.482491,6.4953136
18.603466,18.315266,19.589828,19.604588,19.626143,18.911545,19.351547,18.25284,19.920269,20.46336,19.697859,18.297089,19.94108,19.46553,20.04235,21.133404,20.103706,20.86457,21.236574,19.747972
23.88698,21.928755,21.853136,22.619638,21.11781,22.135103,22.860472,22.928253,23.144033,22.816828,22.327862,22.518051,22.91981,21.363363,21.818619,21.376421,22.280205,21.247757,22.191893,22.38988
8.5548935,9.497031,9.906029,12.110885,13.272969,9.875817,8.506468,9.582329,10.176573,11.667851,10.202286,8.328835,8.497823,10.357443,11.963675,12.736341,12.227774,11.398888,11.354399,11.437109
24.499605,23.24478,22.50662,21.98475,22.4027,23.477457,23.434816,23.494364,23.581442,23.87623,23.106718,23.019197,23.727936,23.153566,22.500135,21.847874,22.703362,22.351435,23.201193,23.15753
30.583439,28.820774,29.816826,30.289343,27.394192,29.033737,30.334032,28.079418,29.903236,30.19172,30.154652,29.819784,30.242485,30.414215,29.703596,29.815128,29.959282,28.3875,29.683254,28.01698
5.57693,6.6333146,5.2178574,7.9297786,5.07757,6.029915,4.8033905,4.566223,7.0629234,8.95968,7.446603,4.8363733,6.1277685,8.351208,7.8482656,8.734286,7.8143845,3.8661861,7.446333,9.67465
26.588276,24.121132,25.11198,26.799618,27.283747,25.678661,26.057552,27.573109,27.868484,28.818537,27.936821,26.799334,26.908089,25.66699,26.134743,27.538267,27.225801,25.409624,26.867842,26.719028
19.123346,18.062046,27.212013,21.81559,20.553907,21.044489,21.942776,20.2962,19.84554,19.783306,26.31999,20.257347,20.14919,19.895222,20.236723,20.599562,21.11894,20.553751,21.098513,20.630749
8.214394,8.567689,10.206991,9.847846,11.143309,12.659408,8.428267,10.297841,11.110761,11.9424305,12.955365,8.965421,11.52235,12.45673,10.84481,11.563262,13.743978,15.44742,14.009431,11.237778
14.023429,14.529389,14.666553,13.547685,14.287392,15.78239,15.685057,14.583317,15.919594,16.965347,16.86894,16.614239,14.552759,15.601477,16.235844,13.901382,13.890572,13.921821,15.931572,14.850652
4.9764566,5.5380836,5.5410166,9.045099,8.582186,7.081657,6.5481176,5.1478806,7.794629,7.9791517,1.5921392,3.8698373,6.1718707,6.719513,7.2270045,6.2933846,6.806281,6.8561797,6.266564,6.886285
30.780502,28.659866,30.106287,28.875557,30.566513,28.98592,29.025734,29.483915,28.920372,30.005676,28.719555,29.480722,30.7289,31.239067,30.826841,28.263634,26.916763,26.986935,28.645864,27.437664
15.844225,16.609894,17.0264,17.956587,17.678911,16.468056,14.499294,13.493809,13.758507,14.312425,13.805125,13.460094,12.377584,14.674505,14.698426,18.399256,21.975376,19.592634,19.54086,16.880438
9.041902,11.360139,11.339448,12.13532,10.634804,8.004981,9.525868,10.373833,12.290497,11.67106,10.282245,9.819112,10.712174,11.367309,12.495232,13.079605,13.170511,13.4892235,15.035987,14.5986185
22.136467,20.751097,20.086823,18.77697,18.199543,18.346462,19.026756,19.548637,19.97259,19.854794,19.05101,18.024261,19.932898,20.221092,18.799923,20.031878,20.28898,20.828117,21.090794,21.620358
13.083057,13.476725,14.392142,15.515988,13.815748,11.190313,14.585661,13.545265,13.63166,13.724765,15.341681,16.285809,17.4597,17.019932,15.6511965,17.551735,16.06499,16.849102,14.71958,13.8483515
12.432109,13.902003,12.765076,12.344419,13.312051,11.889903,12.890341,14.224693,12.869121,12.634111,14.000272,14.675683,15.221581,14.809446,14.856676,16.043447,16.632378,14.381399,13.799571,12.390428
15.451737,14.981467,16.651693,17.988888,15.73906,14.678582,14.884078,15.098839,15.115773,16.796635,15.05388,15.3474,17.239672,18.909443,16.555653,18.50336,18.116241,18.423914,19.003906,19.345316
8.550216,9.639617,11.57565,14.610774,11.325067,12.912334,12.31646,8.478672,11.665031,14.132316,14.084763,11.786002,12.999755,13.484389,12.775805,14.835644,11.850475,12.97692,14.530216,14.2366295
31.08452,29.683304,30.30179,30.414595,29.671913,29.735247,31.380201,30.940681,31.404493,30.641232,30.269789,29.81847,30.72653,29.716993,31.078476,30.718435,31.42856,29.45908,30.292356,30.432228
16.321058,15.015433,8.250129,13.925321,13.190087,14.585992,15.877815,13.789049,15.416724,15.494032,16.420002,17.84228,17.63575,17.520931,16.910837,16.616219,15.418962,14.411249,12.973395,12.791321
33.5615,32.93609,32.96328,33.343494,33.565487,33.552036,33.872543,34.120117,34.450047,34.199615,33.27145,33.696125,33.8713,33.78285,34.410553,35.730576,35.886772,35.55036,35.79949,36.04767
25.131496,24.91712,25.190382,25.581726,25.017668,25.166065,25.583176,24.606762,24.713955,25.349361,24.958456,24.810465,25.508205,25.77802,26.054205,25.886341,24.91364,25.326519,25.577566,25.249346
26.555178,26.593746,26.188911,26.072632,26.145111,26.091463,25.99832,26.672842,26.191877,26.480011,26.882723,26.147911,26.279472,26.237972,26.698126,25.999556,26.492535,26.722685,26.63689,26.814375
27.374638,26.566744,25.469023,25.075287,24.725924,25.388935,26.348755,25.911253,26.536821,25.629303,25.24704,25.50824,25.373169,26.149672,25.505136,26.995718,27.362871,26.750679,27.161726,26.819143
24.287304,24.319252,24.680403,24.328001,24.18407,24.227346,23.742249,24.482382,24.122133,23.661114,23.831135,23.921133,23.6616,24.293991,23.797909,24.738558,24.192568,23.508934,24.00475,23.919325
15.326908,17.277185,15.458832,15.405622,15.200122,14.796885,16.208317,16.44962,16.1009,14.414563,15.290346,15.60188,17.821405,17.264494,16.483128,18.860355,18.744982,18.440872,18.722906,19.737818
26.222982,26.11556,23.789742,25.751049,27.126245,24.600622,26.351978,27.020452,26.87754,25.87911,25.992157,25.090656,25.649837,26.994158,26.913593,26.567696,27.279472,27.370947,27.523941,26.475348
12.276788,9.7348175,10.061032,10.881906,11.002451,11.088877,10.848861,11.03927,11.101782,12.498089,12.0164385,10.765937,11.687257,11.114973,10.940024,10.593339,10.373043,10.290057,9.152518,11.469807
25.616554,25.325825,27.231499,27.684374,24.995026,24.154228,26.206575,25.158815,21.926321,21.856186,21.486927,22.922504,23.678005,23.959688,23.247389,21.144682,22.575367,20.657255,26.253157,24.866375
22.82482,22.531652,23.06362,22.955519,22.44012,21.264141,21.94745,22.996565,22.378847,22.36155,22.874928,22.71483,22.616049,23.091019,22.468985,23.766573,23.995768,24.001993,23.447168,21.886538
13.982997,14.009382,12.936784,12.571787,13.325486,15.589249,14.066715,13.121853,13.323006,14.566851,15.792542,15.425198,14.907055,16.084772,16.504915,17.653473,15.6085615,14.99997,15.132246,14.898903
16.292732,17.215952,18.143621,17.063465,17.40271,17.74379,18.037428,18.259548,18.631264,18.113405,20.929457,20.113369,16.902456,17.890022,17.649998,19.996267,18.1276,15.811283,15.140291,15.94609
19.392452,17.479782,17.60476,19.976072,19.711666,17.082561,18.011997,17.02125,18.444653,18.880981,17.932913,19.100744,19.886377,18.261478,19.008715,20.810982,20.172482,20.06906,19.017897,18.960009
20.128124,19.282278,19.562548,19.617876,20.020954,20.649902,19.800606,21.203121,21.61439,20.412941,20.64732,20.823965,21.643995,22.753822,23.906801,23.150629,22.772032,22.687338,21.055885,20.427134
25.072239,25.018772,25.68421,25.685097,24.990196,25.327589,25.400974,25.956488,25.61091,25.129383,25.563972,25.582014,25.570341,26.356888,26.225061,26.03911,26.035685,25.507399,25.284494,25.459648
25.23367,22.85415,24.049908,24.001678,23.015358,23.276695,24.239862,23.460337,23.317213,23.043331,23.75822,23.403767,24.537773,24.1316,23.8029,24.208918,23.40998,25.1846,25.94891,25.734936
24.534597,24.092518,24.209518,24.417889,24.034355,24.116901,24.030022,23.864796,24.065325,23.86324,23.213745,23.485758,24.748552,25.209497,22.762856,23.89072,23.629694,24.234621,23.398716,23.696264
14.78189,14.039885,13.956918,13.667528,14.80743,13.952521,16.09136,15.756781,15.864929,16.940098,17.193127,16.766438,16.467054,15.529488,15.778821,19.320637,19.02167,17.708502,18.103657,18.644102
24.57649,25.301044,25.332582,25.281029,25.510992,24.48142,25.129597,24.974995,24.629158,24.889818,25.46635,24.52483,24.271406,25.140392,25.395754,25.300432,24.72112,25.092438,24.565971,25.191626
25.47849,25.114513,25.53847,25.591974,25.382423,25.204567,25.330832,25.175606,24.765898,25.072083,25.247726,25.240099,25.504425,25.960865,25.640148,25.580952,25.4127,25.250336,25.355587,25.108294
19.272665,16.621979,18.139048,17.655153,20.605446,18.653637,19.741539,20.136633,21.562284,20.353373,21.416769,21.296188,21.155788,20.459494,20.736814,20.002798,19.588747,21.264778,20.77244,19.189503
25.226439,24.329369,24.785555,24.398645,24.280943,24.245909,24.71503,23.763018,24.137789,23.666677,24.311335,24.83406,24.129282,24.767042,24.559538,24.969698,25.250706,24.214037,24.285513,25.278238
17.351883,16.166597,16.185453,17.900488,17.02573,16.524967,18.21797,18.458239,19.067347,17.221748,18.398258,19.21061,18.245836,18.932451,20.397186,21.08412,21.544325,18.876009,18.387064,19.41579
18.832926,19.993793,19.135637,19.5996,18.472673,19.222092,20.229801,20.703844,20.782206,20.758583,21.320232,21.420609,21.396776,21.64482,21.275242,21.013266,21.633196,21.195143,21.15586,20.81112
23.36378,22.4734,22.918444,22.828373,22.789183,23.089115,22.502861,22.658998,22.287844,22.650005,22.860197,22.894514,22.759342,22.922556,22.905802,22.61164,22.980833,22.657814,22.574974,22.25705
22.15982,21.643425,21.60272,20.939709,21.051361,21.793217,21.013643,22.613056,23.18613,22.207582,23.091303,22.29,21.702297,21.914356,21.748877,21.071182,21.810488,21.798235,22.343378,21.723555
23.115585,22.931152,22.718454,22.803745,23.584738,21.947124,22.548437,22.974913,23.193872,23.796387,23.000578,23.464766,23.412437,23.2383,23.365112,23.908482,23.384665,23.14005,22.629509,23.212679
15.318132,15.980406,16.520761,15.2009945,14.352412,14.560427,14.956274,14.31739,15.424822,18.108614,18.364895,17.094652,16.82414,17.235468,18.25076,19.275023,18.764006,19.256626,18.62239,17.294403
13.653986,14.260675,15.063283,15.481297,14.916655,15.282203,15.147359,15.495923,17.113071,17.653757,18.177631,17.405117,18.105871,17.46995,18.055315,17.404211,15.589154,16.481201,19.198507,19.796692
11.083022,11.402594,11.783387,12.146612,11.448905,11.533666,11.922749,11.806241,11.667967,11.838278,11.935862,11.459706,10.895393,11.656485,12.035738,12.060756,11.839942,10.952383,11.396297,12.188983
26.336319,26.415192,26.697445,26.846226,25.167196,25.899319,27.000227,26.186407,25.961151,25.125988,26.104094,27.227692,25.498783,26.140535,26.575567,25.970982,26.407028,27.098063,27.032877,26.451908
20.420843,18.936813,20.325571,19.66932,19.901669,20.05786,21.572767,21.416342,19.560907,21.158129,21.021854,21.696003,22.71582,22.505657,22.757462,23.158104,23.691101,23.493345,23.213625,21.880716
20.967499,21.502563,21.841908,22.298754,21.602652,21.827795,22.034395,21.928679,21.476734,21.75904,22.561619,22.055452,21.44779,21.790066,22.172033,22.575602,23.21438,22.53748,22.652931,22.21804
10.393066,10.838838,10.858682,10.35974,9.959276,10.16205,10.514176,10.299131,9.827786,10.295198,9.769367,9.469876,9.791874,10.596308,11.535539,10.696703,10.076388,10.779226,11.63844,11.284232
26.617693,26.386436,25.820894,26.481693,26.779943,25.81039,27.219967,28.715702,28.56277,27.891747,28.416811,28.718302,28.092678,27.729889,27.669191,28.380255,28.813831,28.644663,28.500317,28.637465
27.801113,26.80299,25.685324,26.18325,26.90981,26.979397,26.33555,27.670319,27.762587,27.347853,26.49951,26.714111,28.32425,28.55813,27.892534,27.254925,28.120754,27.706907,26.413826,26.845722
17.050993,17.047804,16.46241,16.899889,17.913536,18.065683,18.493717,17.574884,18.074661,18.646862,19.568815,19.126152,18.84519,18.620495,18.42293,18.808546,17.722439,17.908777,18.04771,17.70368
23.550571,23.93591,22.954985,23.819494,25.307886,25.521805,25.971334,25.702478,24.761074,25.373098,24.739637,25.576382,25.215996,25.759365,25.72155,26.103897,25.649645,24.739264,25.102356,24.496346
10.487661,9.065251,7.900901,9.60605,9.384921,10.760228,11.564022,11.711846,11.038933,11.498899,9.614352,10.056278,10.958661,11.271993,11.752219,10.556955,10.682309,11.790364,13.10846,14.3241
